sample_id,domain,split,family,layout,condition,raw_image,image,ground_truth,legacy_reference,prompt,metadata,width_px,height_px,image_sha256,ground_truth_sha256,annotation_status,notes
sheet_F1_L1_C1,synthetic,train,F1,L1,C1,,datos/sinteticos/imagenes/sheet_F1_L1_C1_rgb.png,datos/sinteticos/mascaras/sheet_F1_L1_C1_mask.png,,,datos/sinteticos/metadatos/sheet_F1_L1_C1_meta.json,2100,2970,7d2d5a351fbc3f51d568a892906586e2777328aef31c851d7bb736d549881b42,786cb52fc66f6b88aad5190cee8641e8154e81b6acc9c0a19bcd23d4468610e2,generator_ground_truth,Máscara producida por el generador sintético.
sheet_F1_L1_C2,synthetic,test,F1,L1,C2,,datos/sinteticos/imagenes/sheet_F1_L1_C2_rgb.png,datos/sinteticos/mascaras/sheet_F1_L1_C2_mask.png,,,datos/sinteticos/metadatos/sheet_F1_L1_C2_meta.json,2100,2970,0acba5ba8f53cd6455dbe31c5ca43ae0b534727b891cf24f55ebae4d495da061,786cb52fc66f6b88aad5190cee8641e8154e81b6acc9c0a19bcd23d4468610e2,generator_ground_truth,Máscara producida por el generador sintético.
sheet_F1_L1_C3,synthetic,train,F1,L1,C3,,datos/sinteticos/imagenes/sheet_F1_L1_C3_rgb.png,datos/sinteticos/mascaras/sheet_F1_L1_C3_mask.png,,,datos/sinteticos/metadatos/sheet_F1_L1_C3_meta.json,2100,2970,e49960e52e91c3fdb915788ccc80295062b58f976eeca970c9c6acc3cb01b6ff,786cb52fc66f6b88aad5190cee8641e8154e81b6acc9c0a19bcd23d4468610e2,generator_ground_truth,Máscara producida por el generador sintético.
sheet_F1_L1_C4,synthetic,train,F1,L1,C4,,datos/sinteticos/imagenes/sheet_F1_L1_C4_rgb.png,datos/sinteticos/mascaras/sheet_F1_L1_C4_mask.png,,,datos/sinteticos/metadatos/sheet_F1_L1_C4_meta.json,2100,2970,c8969c4549f1662aac97f27958c3b0ba81edcae93a2f480dcf060c9de4b03d32,786cb52fc66f6b88aad5190cee8641e8154e81b6acc9c0a19bcd23d4468610e2,generator_ground_truth,Máscara producida por el generador sintético.
sheet_F1_L1_C5,synthetic,val,F1,L1,C5,,datos/sinteticos/imagenes/sheet_F1_L1_C5_rgb.png,datos/sinteticos/mascaras/sheet_F1_L1_C5_mask.png,,,datos/sinteticos/metadatos/sheet_F1_L1_C5_meta.json,2100,2970,fe04a183ae58a38c3f71bc38c2a141684192acbe9cd21d2e4ec39a50745ada82,786cb52fc66f6b88aad5190cee8641e8154e81b6acc9c0a19bcd23d4468610e2,generator_ground_truth,Máscara producida por el generador sintético.
sheet_F1_L1_C6,synthetic,train,F1,L1,C6,,datos/sinteticos/imagenes/sheet_F1_L1_C6_rgb.png,datos/sinteticos/mascaras/sheet_F1_L1_C6_mask.png,,,datos/sinteticos/metadatos/sheet_F1_L1_C6_meta.json,2100,2970,7611699e7837977fbbd10ae5db3ddb91e1b641ae736e85717fa12f65eae75ac5,3ab4af2b8470e4d99a10c00fcc5ef806dfd03335da1f536bd616b1b2b845c53e,generator_ground_truth,Máscara producida por el generador sintético.
sheet_F1_L2_C1,synthetic,train,F1,L2,C1,,datos/sinteticos/imagenes/sheet_F1_L2_C1_rgb.png,datos/sinteticos/mascaras/sheet_F1_L2_C1_mask.png,,,datos/sinteticos/metadatos/sheet_F1_L2_C1_meta.json,2100,2970,6bd0de3fe42dc00fca8acb514360c9d5c2adfda5d252d555313e7f0abf18794a,03ba4ca3cb7ea43e349ae861930c0ff95a071186e5521e37017e0c97c9318edd,generator_ground_truth,Máscara producida por el generador sintético.
sheet_F1_L2_C2,synthetic,train,F1,L2,C2,,datos/sinteticos/imagenes/sheet_F1_L2_C2_rgb.png,datos/sinteticos/mascaras/sheet_F1_L2_C2_mask.png,,,datos/sinteticos/metadatos/sheet_F1_L2_C2_meta.json,2100,2970,a008ac116617e5ad4c88a5e82b2c4e044a05d45859e0873bdb4be1dce0cbdfe2,03ba4ca3cb7ea43e349ae861930c0ff95a071186e5521e37017e0c97c9318edd,generator_ground_truth,Máscara producida por el generador sintético.
sheet_F1_L2_C3,synthetic,val,F1,L2,C3,,datos/sinteticos/imagenes/sheet_F1_L2_C3_rgb.png,datos/sinteticos/mascaras/sheet_F1_L2_C3_mask.png,,,datos/sinteticos/metadatos/sheet_F1_L2_C3_meta.json,2100,2970,e92067777b672f774c467840e7ebbd8e135946f26fd7ca7689e26d35006e0965,03ba4ca3cb7ea43e349ae861930c0ff95a071186e5521e37017e0c97c9318edd,generator_ground_truth,Máscara producida por el generador sintético.
sheet_F1_L2_C4,synthetic,train,F1,L2,C4,,datos/sinteticos/imagenes/sheet_F1_L2_C4_rgb.png,datos/sinteticos/mascaras/sheet_F1_L2_C4_mask.png,,,datos/sinteticos/metadatos/sheet_F1_L2_C4_meta.json,2100,2970,cfa8bc2268ea0487e75ce8c73c789cdb9b32b38785e7234803661e0e62b6311c,03ba4ca3cb7ea43e349ae861930c0ff95a071186e5521e37017e0c97c9318edd,generator_ground_truth,Máscara producida por el generador sintético.
sheet_F1_L2_C5,synthetic,train,F1,L2,C5,,datos/sinteticos/imagenes/sheet_F1_L2_C5_rgb.png,datos/sinteticos/mascaras/sheet_F1_L2_C5_mask.png,,,datos/sinteticos/metadatos/sheet_F1_L2_C5_meta.json,2100,2970,6e02a10fb464a530142301a25879a8754dcbb0c4f8e72368d35ddfcb4a9b40b0,03ba4ca3cb7ea43e349ae861930c0ff95a071186e5521e37017e0c97c9318edd,generator_ground_truth,Máscara producida por el generador sintético.
sheet_F1_L2_C6,synthetic,test,F1,L2,C6,,datos/sinteticos/imagenes/sheet_F1_L2_C6_rgb.png,datos/sinteticos/mascaras/sheet_F1_L2_C6_mask.png,,,datos/sinteticos/metadatos/sheet_F1_L2_C6_meta.json,2100,2970,bb778aa2bbbfed51e10ed19448a9ba1054bde121ce42d40ac70d9976eaf83db5,3e395cf902f75e276ab2adaf94566007c85c144a143c81c0b5539071656400bb,generator_ground_truth,Máscara producida por el generador sintético.
sheet_F2_L1_C1,synthetic,train,F2,L1,C1,,datos/sinteticos/imagenes/sheet_F2_L1_C1_rgb.png,datos/sinteticos/mascaras/sheet_F2_L1_C1_mask.png,,,datos/sinteticos/metadatos/sheet_F2_L1_C1_meta.json,2100,2970,b256196a51675ce24d5e712110ef1a9f2481100a46348288551c2871772a75ed,47d5b60bad5a0df4c3491c741e42349c3b482c3d82f5ee1cb0143cb693f5d1e4,generator_ground_truth,Máscara producida por el generador sintético.
sheet_F2_L1_C2,synthetic,train,F2,L1,C2,,datos/sinteticos/imagenes/sheet_F2_L1_C2_rgb.png,datos/sinteticos/mascaras/sheet_F2_L1_C2_mask.png,,,datos/sinteticos/metadatos/sheet_F2_L1_C2_meta.json,2100,2970,bfcc6a5c18d0f3e5a4a9ed27b784d67d1f3e584e64f50dde9ea45af78229e163,47d5b60bad5a0df4c3491c741e42349c3b482c3d82f5ee1cb0143cb693f5d1e4,generator_ground_truth,Máscara producida por el generador sintético.
sheet_F2_L1_C3,synthetic,train,F2,L1,C3,,datos/sinteticos/imagenes/sheet_F2_L1_C3_rgb.png,datos/sinteticos/mascaras/sheet_F2_L1_C3_mask.png,,,datos/sinteticos/metadatos/sheet_F2_L1_C3_meta.json,2100,2970,682cbe38b80b6f16a0b3f2b8538592a2e4bb987e91e69e31fbfa37a27fb9e212,47d5b60bad5a0df4c3491c741e42349c3b482c3d82f5ee1cb0143cb693f5d1e4,generator_ground_truth,Máscara producida por el generador sintético.
sheet_F2_L1_C4,synthetic,train,F2,L1,C4,,datos/sinteticos/imagenes/sheet_F2_L1_C4_rgb.png,datos/sinteticos/mascaras/sheet_F2_L1_C4_mask.png,,,datos/sinteticos/metadatos/sheet_F2_L1_C4_meta.json,2100,2970,11eb575f9788dc45319a092a0057aabd55c2867a2edc0979e93cb5a1177b16b9,47d5b60bad5a0df4c3491c741e42349c3b482c3d82f5ee1cb0143cb693f5d1e4,generator_ground_truth,Máscara producida por el generador sintético.
sheet_F2_L1_C5,synthetic,train,F2,L1,C5,,datos/sinteticos/imagenes/sheet_F2_L1_C5_rgb.png,datos/sinteticos/mascaras/sheet_F2_L1_C5_mask.png,,,datos/sinteticos/metadatos/sheet_F2_L1_C5_meta.json,2100,2970,827b70d736a7966e1b76dc1682d8ba086ae20edfdb6122c1f4d71bf9a454ff8d,47d5b60bad5a0df4c3491c741e42349c3b482c3d82f5ee1cb0143cb693f5d1e4,generator_ground_truth,Máscara producida por el generador sintético.
sheet_F2_L1_C6,synthetic,train,F2,L1,C6,,datos/sinteticos/imagenes/sheet_F2_L1_C6_rgb.png,datos/sinteticos/mascaras/sheet_F2_L1_C6_mask.png,,,datos/sinteticos/metadatos/sheet_F2_L1_C6_meta.json,2100,2970,dc7fa03d8a2c3c07a7629393992f366284c75c50731f32b348283a67e2120361,b815175a3914282b94da862b504dfa30d16c724f79b92ea4164e12c664f747ae,generator_ground_truth,Máscara producida por el generador sintético.
sheet_F2_L2_C1,synthetic,train,F2,L2,C1,,datos/sinteticos/imagenes/sheet_F2_L2_C1_rgb.png,datos/sinteticos/mascaras/sheet_F2_L2_C1_mask.png,,,datos/sinteticos/metadatos/sheet_F2_L2_C1_meta.json,2100,2970,ddc76cab0b6fe59344a936328b2a2ae02a4af7e92d5f4fa5a52914237bdcf19b,2cc230f11b99b25b5b25efb69788030591004c091c8df49919ce800c23fc7e0c,generator_ground_truth,Máscara producida por el generador sintético.
sheet_F2_L2_C2,synthetic,train,F2,L2,C2,,datos/sinteticos/imagenes/sheet_F2_L2_C2_rgb.png,datos/sinteticos/mascaras/sheet_F2_L2_C2_mask.png,,,datos/sinteticos/metadatos/sheet_F2_L2_C2_meta.json,2100,2970,01b0386c3f01ee595efb7836e5d5ef3236b347c04be782f428ad6224bc70ed88,2cc230f11b99b25b5b25efb69788030591004c091c8df49919ce800c23fc7e0c,generator_ground_truth,Máscara producida por el generador sintético.
sheet_F2_L2_C3,synthetic,test,F2,L2,C3,,datos/sinteticos/imagenes/sheet_F2_L2_C3_rgb.png,datos/sinteticos/mascaras/sheet_F2_L2_C3_mask.png,,,datos/sinteticos/metadatos/sheet_F2_L2_C3_meta.json,2100,2970,b31923ec34bd11e2ef323ab6e69f19c6651ada9e28fb1069b981f9fe14faed2c,2cc230f11b99b25b5b25efb69788030591004c091c8df49919ce800c23fc7e0c,generator_ground_truth,Máscara producida por el generador sintético.
sheet_F2_L2_C4,synthetic,val,F2,L2,C4,,datos/sinteticos/imagenes/sheet_F2_L2_C4_rgb.png,datos/sinteticos/mascaras/sheet_F2_L2_C4_mask.png,,,datos/sinteticos/metadatos/sheet_F2_L2_C4_meta.json,2100,2970,e421afcd53c412fd29004d37020db9ec7c12d92ab2d9fe7f15d4ba28b3fc9bf5,2cc230f11b99b25b5b25efb69788030591004c091c8df49919ce800c23fc7e0c,generator_ground_truth,Máscara producida por el generador sintético.
sheet_F2_L2_C5,synthetic,train,F2,L2,C5,,datos/sinteticos/imagenes/sheet_F2_L2_C5_rgb.png,datos/sinteticos/mascaras/sheet_F2_L2_C5_mask.png,,,datos/sinteticos/metadatos/sheet_F2_L2_C5_meta.json,2100,2970,acd89f90de46f28d5dd92a86c04d4a4977a92e8a78b8feb8c29f2612fd9f6c26,2cc230f11b99b25b5b25efb69788030591004c091c8df49919ce800c23fc7e0c,generator_ground_truth,Máscara producida por el generador sintético.
sheet_F2_L2_C6,synthetic,train,F2,L2,C6,,datos/sinteticos/imagenes/sheet_F2_L2_C6_rgb.png,datos/sinteticos/mascaras/sheet_F2_L2_C6_mask.png,,,datos/sinteticos/metadatos/sheet_F2_L2_C6_meta.json,2100,2970,7865630645fa7078ccc51dbfb5487365bcc9f3c479a765fc602b4ee1613dc74a,bb23922dc2220de9e34ce2b7dc94fcc982d7c9c6bb1dc392875e333f50bca137,generator_ground_truth,Máscara producida por el generador sintético.
sheet_F3_L1_C1,synthetic,train,F3,L1,C1,,datos/sinteticos/imagenes/sheet_F3_L1_C1_rgb.png,datos/sinteticos/mascaras/sheet_F3_L1_C1_mask.png,,,datos/sinteticos/metadatos/sheet_F3_L1_C1_meta.json,2100,2970,5cd56fdfeeaa4e37f9cd34d7e45d90442f8ec27ea3cf82f817e718907915dae4,94782cc12f24fa7114a5ad68345575fa3833e6402fbfe7030bc9dc8902c355bd,generator_ground_truth,Máscara producida por el generador sintético.
sheet_F3_L1_C2,synthetic,train,F3,L1,C2,,datos/sinteticos/imagenes/sheet_F3_L1_C2_rgb.png,datos/sinteticos/mascaras/sheet_F3_L1_C2_mask.png,,,datos/sinteticos/metadatos/sheet_F3_L1_C2_meta.json,2100,2970,8a80ef26f855c47770c4fe69d15d646f4dd7813d3c0cc9fa66961cca7224dc16,94782cc12f24fa7114a5ad68345575fa3833e6402fbfe7030bc9dc8902c355bd,generator_ground_truth,Máscara producida por el generador sintético.
sheet_F3_L1_C3,synthetic,train,F3,L1,C3,,datos/sinteticos/imagenes/sheet_F3_L1_C3_rgb.png,datos/sinteticos/mascaras/sheet_F3_L1_C3_mask.png,,,datos/sinteticos/metadatos/sheet_F3_L1_C3_meta.json,2100,2970,c542303b8e8989c215b5a70d0fbc2d7c3f43b1a23bce0fe2f5d2bb6de1a2724b,94782cc12f24fa7114a5ad68345575fa3833e6402fbfe7030bc9dc8902c355bd,generator_ground_truth,Máscara producida por el generador sintético.
sheet_F3_L1_C4,synthetic,train,F3,L1,C4,,datos/sinteticos/imagenes/sheet_F3_L1_C4_rgb.png,datos/sinteticos/mascaras/sheet_F3_L1_C4_mask.png,,,datos/sinteticos/metadatos/sheet_F3_L1_C4_meta.json,2100,2970,1ba499e45a88c2f9e336dd44f15e4f5f3516d3671e2cb6c96784e438d654c5af,94782cc12f24fa7114a5ad68345575fa3833e6402fbfe7030bc9dc8902c355bd,generator_ground_truth,Máscara producida por el generador sintético.
sheet_F3_L1_C5,synthetic,test,F3,L1,C5,,datos/sinteticos/imagenes/sheet_F3_L1_C5_rgb.png,datos/sinteticos/mascaras/sheet_F3_L1_C5_mask.png,,,datos/sinteticos/metadatos/sheet_F3_L1_C5_meta.json,2100,2970,75eb8c4254d8111bc0ea165e7e3ea46df7d7c242eaeea5c3cc4446c7fe4e93ef,94782cc12f24fa7114a5ad68345575fa3833e6402fbfe7030bc9dc8902c355bd,generator_ground_truth,Máscara producida por el generador sintético.
sheet_F3_L1_C6,synthetic,val,F3,L1,C6,,datos/sinteticos/imagenes/sheet_F3_L1_C6_rgb.png,datos/sinteticos/mascaras/sheet_F3_L1_C6_mask.png,,,datos/sinteticos/metadatos/sheet_F3_L1_C6_meta.json,2100,2970,c632e360405e5d2289b73130555072775a2c04511f3505046ccaafa0247d5d12,2568042cd114e35c1fbf1abc8e7e28310b8d8f7e24227bfb1a72a083f289c0d4,generator_ground_truth,Máscara producida por el generador sintético.
sheet_F3_L2_C1,synthetic,test,F3,L2,C1,,datos/sinteticos/imagenes/sheet_F3_L2_C1_rgb.png,datos/sinteticos/mascaras/sheet_F3_L2_C1_mask.png,,,datos/sinteticos/metadatos/sheet_F3_L2_C1_meta.json,2100,2970,64e49f7836968b5e20d740a5eeab9e614ffc9ddcdde5ab72735584046dae221f,3c3cb07afd7fc6a51b24eeda3538d74d6dccf371305264d0bfd7498966df55d3,generator_ground_truth,Máscara producida por el generador sintético.
sheet_F3_L2_C2,synthetic,train,F3,L2,C2,,datos/sinteticos/imagenes/sheet_F3_L2_C2_rgb.png,datos/sinteticos/mascaras/sheet_F3_L2_C2_mask.png,,,datos/sinteticos/metadatos/sheet_F3_L2_C2_meta.json,2100,2970,53e1f64f9740eb760eb0971bb65b79532f11794180e211e598e55a84b6e9b6cd,3c3cb07afd7fc6a51b24eeda3538d74d6dccf371305264d0bfd7498966df55d3,generator_ground_truth,Máscara producida por el generador sintético.
sheet_F3_L2_C3,synthetic,train,F3,L2,C3,,datos/sinteticos/imagenes/sheet_F3_L2_C3_rgb.png,datos/sinteticos/mascaras/sheet_F3_L2_C3_mask.png,,,datos/sinteticos/metadatos/sheet_F3_L2_C3_meta.json,2100,2970,c34ea420ae9e43e15049a46a3306afbcaaf9444a6db8476cfc251ee1701ae3f6,3c3cb07afd7fc6a51b24eeda3538d74d6dccf371305264d0bfd7498966df55d3,generator_ground_truth,Máscara producida por el generador sintético.
sheet_F3_L2_C4,synthetic,train,F3,L2,C4,,datos/sinteticos/imagenes/sheet_F3_L2_C4_rgb.png,datos/sinteticos/mascaras/sheet_F3_L2_C4_mask.png,,,datos/sinteticos/metadatos/sheet_F3_L2_C4_meta.json,2100,2970,84a5f3ae77165d47d0bdbb0ff98ebb7fabba3bffd7f3134120ceee4b568130b9,3c3cb07afd7fc6a51b24eeda3538d74d6dccf371305264d0bfd7498966df55d3,generator_ground_truth,Máscara producida por el generador sintético.
sheet_F3_L2_C5,synthetic,train,F3,L2,C5,,datos/sinteticos/imagenes/sheet_F3_L2_C5_rgb.png,datos/sinteticos/mascaras/sheet_F3_L2_C5_mask.png,,,datos/sinteticos/metadatos/sheet_F3_L2_C5_meta.json,2100,2970,fd19f89a0f126157a9b4864d6573cca5e2d9928e9cd0440ac7afe09ae15b138b,3c3cb07afd7fc6a51b24eeda3538d74d6dccf371305264d0bfd7498966df55d3,generator_ground_truth,Máscara producida por el generador sintético.
sheet_F3_L2_C6,synthetic,train,F3,L2,C6,,datos/sinteticos/imagenes/sheet_F3_L2_C6_rgb.png,datos/sinteticos/mascaras/sheet_F3_L2_C6_mask.png,,,datos/sinteticos/metadatos/sheet_F3_L2_C6_meta.json,2100,2970,3e960f9a69e6236cf088752c16324a09f964bc9fa61d08f6ebc959aabf1d31ad,67dfd4e0b1b829298724e90b12dcd9270efc20a2ecec60f1568cf1557733fb74,generator_ground_truth,Máscara producida por el generador sintético.
sheet_F4_L1_C1,synthetic,val,F4,L1,C1,,datos/sinteticos/imagenes/sheet_F4_L1_C1_rgb.png,datos/sinteticos/mascaras/sheet_F4_L1_C1_mask.png,,,datos/sinteticos/metadatos/sheet_F4_L1_C1_meta.json,2100,2970,ca986ce196465f15c98622ab5f20539045a2003d384a35d743bf6f25e86a7261,306d09c84bb05b3d70839f2d04bbd935690ac411dc429908384d87cd975507cc,generator_ground_truth,Máscara producida por el generador sintético.
sheet_F4_L1_C2,synthetic,train,F4,L1,C2,,datos/sinteticos/imagenes/sheet_F4_L1_C2_rgb.png,datos/sinteticos/mascaras/sheet_F4_L1_C2_mask.png,,,datos/sinteticos/metadatos/sheet_F4_L1_C2_meta.json,2100,2970,f6baa5ffe8b7bcb8cc5eca4b49a8ba27d1f9ac5f63adaabccbc8b62e887a1618,306d09c84bb05b3d70839f2d04bbd935690ac411dc429908384d87cd975507cc,generator_ground_truth,Máscara producida por el generador sintético.
sheet_F4_L1_C3,synthetic,train,F4,L1,C3,,datos/sinteticos/imagenes/sheet_F4_L1_C3_rgb.png,datos/sinteticos/mascaras/sheet_F4_L1_C3_mask.png,,,datos/sinteticos/metadatos/sheet_F4_L1_C3_meta.json,2100,2970,748363bca248e343fcac2a9d189e18739ba2c451243f4a22f5c86d9c3383f2cd,306d09c84bb05b3d70839f2d04bbd935690ac411dc429908384d87cd975507cc,generator_ground_truth,Máscara producida por el generador sintético.
sheet_F4_L1_C4,synthetic,test,F4,L1,C4,,datos/sinteticos/imagenes/sheet_F4_L1_C4_rgb.png,datos/sinteticos/mascaras/sheet_F4_L1_C4_mask.png,,,datos/sinteticos/metadatos/sheet_F4_L1_C4_meta.json,2100,2970,9cbae6b55590206cbfd21a070017fae8df7b143a407c1607f779232fd295dc5b,306d09c84bb05b3d70839f2d04bbd935690ac411dc429908384d87cd975507cc,generator_ground_truth,Máscara producida por el generador sintético.
sheet_F4_L1_C5,synthetic,train,F4,L1,C5,,datos/sinteticos/imagenes/sheet_F4_L1_C5_rgb.png,datos/sinteticos/mascaras/sheet_F4_L1_C5_mask.png,,,datos/sinteticos/metadatos/sheet_F4_L1_C5_meta.json,2100,2970,6cf2981e5a9a4504347082e60834bb505437494681ab8758aedc229c6d1b52fd,306d09c84bb05b3d70839f2d04bbd935690ac411dc429908384d87cd975507cc,generator_ground_truth,Máscara producida por el generador sintético.
sheet_F4_L1_C6,synthetic,train,F4,L1,C6,,datos/sinteticos/imagenes/sheet_F4_L1_C6_rgb.png,datos/sinteticos/mascaras/sheet_F4_L1_C6_mask.png,,,datos/sinteticos/metadatos/sheet_F4_L1_C6_meta.json,2100,2970,74f864f517fade7014864927fa2a822bad3636a1f85b4c283aa321d864223cf5,1a3e3d31d76284803fe46a1b2d645fb69a1cebccd984b027b8bf2a0cafcb5368,generator_ground_truth,Máscara producida por el generador sintético.
sheet_F4_L2_C1,synthetic,train,F4,L2,C1,,datos/sinteticos/imagenes/sheet_F4_L2_C1_rgb.png,datos/sinteticos/mascaras/sheet_F4_L2_C1_mask.png,,,datos/sinteticos/metadatos/sheet_F4_L2_C1_meta.json,2100,2970,64c152277bc314a5f2d3dcceb6947cfd1ab3d0c9114fcddf9a0f23ea46afa58c,682d0018956b9ac9cdfdec40f5a58c58fdbdd8f06828d2730ab88d46f4532d83,generator_ground_truth,Máscara producida por el generador sintético.
sheet_F4_L2_C2,synthetic,val,F4,L2,C2,,datos/sinteticos/imagenes/sheet_F4_L2_C2_rgb.png,datos/sinteticos/mascaras/sheet_F4_L2_C2_mask.png,,,datos/sinteticos/metadatos/sheet_F4_L2_C2_meta.json,2100,2970,afe344782531b2acc97042ba34d651f6435b50a49aca1bb782b2737211e2a2bf,682d0018956b9ac9cdfdec40f5a58c58fdbdd8f06828d2730ab88d46f4532d83,generator_ground_truth,Máscara producida por el generador sintético.
sheet_F4_L2_C3,synthetic,train,F4,L2,C3,,datos/sinteticos/imagenes/sheet_F4_L2_C3_rgb.png,datos/sinteticos/mascaras/sheet_F4_L2_C3_mask.png,,,datos/sinteticos/metadatos/sheet_F4_L2_C3_meta.json,2100,2970,b6b836b6b859e99d65f2ef9055b38c7fa71816abdff192a1f7990a90622da794,682d0018956b9ac9cdfdec40f5a58c58fdbdd8f06828d2730ab88d46f4532d83,generator_ground_truth,Máscara producida por el generador sintético.
sheet_F4_L2_C4,synthetic,train,F4,L2,C4,,datos/sinteticos/imagenes/sheet_F4_L2_C4_rgb.png,datos/sinteticos/mascaras/sheet_F4_L2_C4_mask.png,,,datos/sinteticos/metadatos/sheet_F4_L2_C4_meta.json,2100,2970,c1babca9e3ca77cd7dd34336c9086a817079bca6dc3b31d23b9d365cd4cd5d69,682d0018956b9ac9cdfdec40f5a58c58fdbdd8f06828d2730ab88d46f4532d83,generator_ground_truth,Máscara producida por el generador sintético.
sheet_F4_L2_C5,synthetic,train,F4,L2,C5,,datos/sinteticos/imagenes/sheet_F4_L2_C5_rgb.png,datos/sinteticos/mascaras/sheet_F4_L2_C5_mask.png,,,datos/sinteticos/metadatos/sheet_F4_L2_C5_meta.json,2100,2970,5c3dda800a4ed55b633e8e417530edacfd54ec1d9c27e6c2c975a0b8d61c0451,682d0018956b9ac9cdfdec40f5a58c58fdbdd8f06828d2730ab88d46f4532d83,generator_ground_truth,Máscara producida por el generador sintético.
sheet_F4_L2_C6,synthetic,train,F4,L2,C6,,datos/sinteticos/imagenes/sheet_F4_L2_C6_rgb.png,datos/sinteticos/mascaras/sheet_F4_L2_C6_mask.png,,,datos/sinteticos/metadatos/sheet_F4_L2_C6_meta.json,2100,2970,c7b8eda78db08c7a3fdff33da56de4fe12f90c3b487775fe629b455c8f15c75b,8ce74d79caab38006b7b39db7cbf34a167c8ec879a6dde80a5e4fce2cd8fc36c,generator_ground_truth,Máscara producida por el generador sintético.
real_13,real,real_evaluation,production,L1,uncontrolled_capture,datos/reales/raw/13.jpg,datos/reales/rectificadas/rectified_13.png,datos/anotaciones/real_ground_truth/real_13_gt.png,datos/reales/referencias_clasicas/13_mask.png,datos/reales/prompts_legacy/real_13_prompts.json,datos/anotaciones/referencia_real_canonica/metadata.json,2100,2970,f941659a47182bafded3c0b52a3c72d5cb29d12b2b7743148c3ff4529fafc36d,325d6b318809ae98e6b8e859063fa1f154788e520099fb2fa9be551edfa1d614,assisted_visual_qc_complete,Referencia canónica común porque las 13 capturas corresponden a la misma lámina rectificada. La salida clásica no se usa como verdad terreno.
real_15,real,real_evaluation,production,L1,uncontrolled_capture,datos/reales/raw/15.jpg,datos/reales/rectificadas/rectified_15.png,datos/anotaciones/real_ground_truth/real_15_gt.png,datos/reales/referencias_clasicas/15_mask.png,datos/reales/prompts_legacy/real_15_prompts.json,datos/anotaciones/referencia_real_canonica/metadata.json,2100,2970,076807cad4faf0b3c121ade9d8ee60b0b827e3c387eb1ec21a2f0615bcd3ea78,325d6b318809ae98e6b8e859063fa1f154788e520099fb2fa9be551edfa1d614,assisted_visual_qc_complete,Referencia canónica común porque las 13 capturas corresponden a la misma lámina rectificada. La salida clásica no se usa como verdad terreno.
real_17,real,real_evaluation,production,L1,uncontrolled_capture,datos/reales/raw/17.jpg,datos/reales/rectificadas/rectified_17.png,datos/anotaciones/real_ground_truth/real_17_gt.png,datos/reales/referencias_clasicas/17_mask.png,datos/reales/prompts_legacy/real_17_prompts.json,datos/anotaciones/referencia_real_canonica/metadata.json,2100,2970,5dafafe50855d70ba5f18b937a28e0db0ac14d296c6feaa4be90981a9bed471f,325d6b318809ae98e6b8e859063fa1f154788e520099fb2fa9be551edfa1d614,assisted_visual_qc_complete,Referencia canónica común porque las 13 capturas corresponden a la misma lámina rectificada. La salida clásica no se usa como verdad terreno.
real_20,real,real_evaluation,production,L1,uncontrolled_capture,datos/reales/raw/20.jpg,datos/reales/rectificadas/rectified_20.png,datos/anotaciones/real_ground_truth/real_20_gt.png,datos/reales/referencias_clasicas/20_mask.png,datos/reales/prompts_legacy/real_20_prompts.json,datos/anotaciones/referencia_real_canonica/metadata.json,2100,2970,4da9fa125dc99c7085a07bdce8faeecd72baa34d3b17cd9d0c94fb4f83bde2d0,325d6b318809ae98e6b8e859063fa1f154788e520099fb2fa9be551edfa1d614,assisted_visual_qc_complete,Referencia canónica común porque las 13 capturas corresponden a la misma lámina rectificada. La salida clásica no se usa como verdad terreno.
real_22,real,real_evaluation,production,L1,uncontrolled_capture,datos/reales/raw/22.jpg,datos/reales/rectificadas/rectified_22.png,datos/anotaciones/real_ground_truth/real_22_gt.png,datos/reales/referencias_clasicas/22_mask.png,datos/reales/prompts_legacy/real_22_prompts.json,datos/anotaciones/referencia_real_canonica/metadata.json,2100,2970,9314f66228071d6bdf342ca951be2ec8094d9c37ba529766005ce7f2dd8217b7,325d6b318809ae98e6b8e859063fa1f154788e520099fb2fa9be551edfa1d614,assisted_visual_qc_complete,Referencia canónica común porque las 13 capturas corresponden a la misma lámina rectificada. La salida clásica no se usa como verdad terreno.
real_24,real,real_evaluation,production,L1,uncontrolled_capture,datos/reales/raw/24.jpg,datos/reales/rectificadas/rectified_24.png,datos/anotaciones/real_ground_truth/real_24_gt.png,datos/reales/referencias_clasicas/24_mask.png,datos/reales/prompts_legacy/real_24_prompts.json,datos/anotaciones/referencia_real_canonica/metadata.json,2100,2970,ddb02dd032c0d53e55e27f2f0d38e1665df4a0098486cf9c60f2a49c05f75164,325d6b318809ae98e6b8e859063fa1f154788e520099fb2fa9be551edfa1d614,assisted_visual_qc_complete,Referencia canónica común porque las 13 capturas corresponden a la misma lámina rectificada. La salida clásica no se usa como verdad terreno.
real_26,real,real_evaluation,production,L1,uncontrolled_capture,datos/reales/raw/26.jpg,datos/reales/rectificadas/rectified_26.png,datos/anotaciones/real_ground_truth/real_26_gt.png,datos/reales/referencias_clasicas/26_mask.png,datos/reales/prompts_legacy/real_26_prompts.json,datos/anotaciones/referencia_real_canonica/metadata.json,2100,2970,5da1bf2f46c55e94b8c63a3669f7aa7f264e18d603066a593f6aaf1020afc26d,325d6b318809ae98e6b8e859063fa1f154788e520099fb2fa9be551edfa1d614,assisted_visual_qc_complete,Referencia canónica común porque las 13 capturas corresponden a la misma lámina rectificada. La salida clásica no se usa como verdad terreno.
real_28,real,real_evaluation,production,L1,uncontrolled_capture,datos/reales/raw/28.jpg,datos/reales/rectificadas/rectified_28.png,datos/anotaciones/real_ground_truth/real_28_gt.png,datos/reales/referencias_clasicas/28_mask.png,datos/reales/prompts_legacy/real_28_prompts.json,datos/anotaciones/referencia_real_canonica/metadata.json,2100,2970,6f086a5bf837c2b19722cf549c20cd3571877942ae65df18f1e7412eab50e60d,325d6b318809ae98e6b8e859063fa1f154788e520099fb2fa9be551edfa1d614,assisted_visual_qc_complete,Referencia canónica común porque las 13 capturas corresponden a la misma lámina rectificada. La salida clásica no se usa como verdad terreno.
real_30,real,real_evaluation,production,L1,uncontrolled_capture,datos/reales/raw/30.jpg,datos/reales/rectificadas/rectified_30.png,datos/anotaciones/real_ground_truth/real_30_gt.png,datos/reales/referencias_clasicas/30_mask.png,datos/reales/prompts_legacy/real_30_prompts.json,datos/anotaciones/referencia_real_canonica/metadata.json,2100,2970,c432760cb230b6b8b36e45d88289b65000c754c986f363b339ebc65ca9487a8b,325d6b318809ae98e6b8e859063fa1f154788e520099fb2fa9be551edfa1d614,assisted_visual_qc_complete,Referencia canónica común porque las 13 capturas corresponden a la misma lámina rectificada. La salida clásica no se usa como verdad terreno.
real_32,real,real_evaluation,production,L1,uncontrolled_capture,datos/reales/raw/32.jpg,datos/reales/rectificadas/rectified_32.png,datos/anotaciones/real_ground_truth/real_32_gt.png,datos/reales/referencias_clasicas/32_mask.png,datos/reales/prompts_legacy/real_32_prompts.json,datos/anotaciones/referencia_real_canonica/metadata.json,2100,2970,b0cc1697eb78599a3df9022558c51a8f1d5c3f19a001c70d593876ff85ad8dde,325d6b318809ae98e6b8e859063fa1f154788e520099fb2fa9be551edfa1d614,assisted_visual_qc_complete,Referencia canónica común porque las 13 capturas corresponden a la misma lámina rectificada. La salida clásica no se usa como verdad terreno.
real_34,real,real_evaluation,production,L1,uncontrolled_capture,datos/reales/raw/34.jpg,datos/reales/rectificadas/rectified_34.png,datos/anotaciones/real_ground_truth/real_34_gt.png,datos/reales/referencias_clasicas/34_mask.png,datos/reales/prompts_legacy/real_34_prompts.json,datos/anotaciones/referencia_real_canonica/metadata.json,2100,2970,06a10cdec3e6a23ff1f85e4a0d1414f0093b19ddbd59771b8099fe9f743fd25e,325d6b318809ae98e6b8e859063fa1f154788e520099fb2fa9be551edfa1d614,assisted_visual_qc_complete,Referencia canónica común porque las 13 capturas corresponden a la misma lámina rectificada. La salida clásica no se usa como verdad terreno.
real_36,real,real_evaluation,production,L1,uncontrolled_capture,datos/reales/raw/36.jpg,datos/reales/rectificadas/rectified_36.png,datos/anotaciones/real_ground_truth/real_36_gt.png,datos/reales/referencias_clasicas/36_mask.png,datos/reales/prompts_legacy/real_36_prompts.json,datos/anotaciones/referencia_real_canonica/metadata.json,2100,2970,8d5ee930b604f019b9cfec4b7ad87d4645fc6cfc9f0f48f3455729926f7065d4,325d6b318809ae98e6b8e859063fa1f154788e520099fb2fa9be551edfa1d614,assisted_visual_qc_complete,Referencia canónica común porque las 13 capturas corresponden a la misma lámina rectificada. La salida clásica no se usa como verdad terreno.
real_38,real,real_evaluation,production,L1,uncontrolled_capture,datos/reales/raw/38.jpg,datos/reales/rectificadas/rectified_38.png,datos/anotaciones/real_ground_truth/real_38_gt.png,datos/reales/referencias_clasicas/38_mask.png,datos/reales/prompts_legacy/real_38_prompts.json,datos/anotaciones/referencia_real_canonica/metadata.json,2100,2970,12fa86fa3c867fe1c8fb34e230aefaa1dfbea15488c9632d2b8de075a239ef21,325d6b318809ae98e6b8e859063fa1f154788e520099fb2fa9be551edfa1d614,assisted_visual_qc_complete,Referencia canónica común porque las 13 capturas corresponden a la misma lámina rectificada. La salida clásica no se usa como verdad terreno.
