sample_id,domain,split,split_protocol,family,cv_group,layout,condition,generator_seed,raw_image,image,ground_truth,instance_mask,legacy_reference,prompt,metadata,width_px,height_px,image_sha256,ground_truth_sha256,asset_ids,asset_sha256s,annotation_status,notes
idv2_train_G1_L1_C1,synthetic,train,asset_identity_disjoint,mixed_F1_F2_F3_F4,G1,L1,C1,42028,,datos/sinteticos_identidad_v2/imagenes/idv2_train_G1_L1_C1_rgb.png,datos/sinteticos_identidad_v2/mascaras/idv2_train_G1_L1_C1_mask.png,datos/sinteticos_identidad_v2/instancias/idv2_train_G1_L1_C1_instances.png,,,datos/sinteticos_identidad_v2/metadatos/idv2_train_G1_L1_C1_meta.json,2100,2970,3929ba819e4620a97d2a535dc95282a873ee4a0c30f1a2796c50e354225fbb35,6843dfecebe1815d69d1935c3ac55d674bc1167c4e0438b2776eb3927ed4358c,A08;A31;A31;A22;A08;A10;A10;A22,912db94ddb8f6b694566d3e080e311f2cebab5df4f1ed33b4efbd45580835ef0;4abce1d724d18a506281b218d1667819f115048f7548103731eb0f8713ac2154;4abce1d724d18a506281b218d1667819f115048f7548103731eb0f8713ac2154;ac3a55202821fc35d6485212a936aa8a69ff8604974b3150467568326e26589e;912db94ddb8f6b694566d3e080e311f2cebab5df4f1ed33b4efbd45580835ef0;544e6b77fd2b2f7f7acdd805cf37663ccacbc22fbbac1285f7886df11c92328e;544e6b77fd2b2f7f7acdd805cf37663ccacbc22fbbac1285f7886df11c92328e;ac3a55202821fc35d6485212a936aa8a69ff8604974b3150467568326e26589e,generator_ground_truth_asset_identity_disjoint,"Familias semánticas compartidas; identidades, archivos y hashes de activo disjuntos entre splits."
idv2_train_G1_L2_C2,synthetic,train,asset_identity_disjoint,mixed_F1_F2_F3_F4,G1,L2,C2,42029,,datos/sinteticos_identidad_v2/imagenes/idv2_train_G1_L2_C2_rgb.png,datos/sinteticos_identidad_v2/mascaras/idv2_train_G1_L2_C2_mask.png,datos/sinteticos_identidad_v2/instancias/idv2_train_G1_L2_C2_instances.png,,,datos/sinteticos_identidad_v2/metadatos/idv2_train_G1_L2_C2_meta.json,2100,2970,f12734b979b4895233f548a92fe3bc367cc1868a0428b0d48beac5a4111f921d,efa0b87be0f40909e9a3d591920076addd638f0489b5c4d28bb7ef91607164fe,A10;A22;A08;A08;A31;A31;A22;A10,544e6b77fd2b2f7f7acdd805cf37663ccacbc22fbbac1285f7886df11c92328e;ac3a55202821fc35d6485212a936aa8a69ff8604974b3150467568326e26589e;912db94ddb8f6b694566d3e080e311f2cebab5df4f1ed33b4efbd45580835ef0;912db94ddb8f6b694566d3e080e311f2cebab5df4f1ed33b4efbd45580835ef0;4abce1d724d18a506281b218d1667819f115048f7548103731eb0f8713ac2154;4abce1d724d18a506281b218d1667819f115048f7548103731eb0f8713ac2154;ac3a55202821fc35d6485212a936aa8a69ff8604974b3150467568326e26589e;544e6b77fd2b2f7f7acdd805cf37663ccacbc22fbbac1285f7886df11c92328e,generator_ground_truth_asset_identity_disjoint,"Familias semánticas compartidas; identidades, archivos y hashes de activo disjuntos entre splits."
idv2_train_G1_L1_C3,synthetic,train,asset_identity_disjoint,mixed_F1_F2_F3_F4,G1,L1,C3,42030,,datos/sinteticos_identidad_v2/imagenes/idv2_train_G1_L1_C3_rgb.png,datos/sinteticos_identidad_v2/mascaras/idv2_train_G1_L1_C3_mask.png,datos/sinteticos_identidad_v2/instancias/idv2_train_G1_L1_C3_instances.png,,,datos/sinteticos_identidad_v2/metadatos/idv2_train_G1_L1_C3_meta.json,2100,2970,d19e1dada71de5f42f2d35b6265f9a4825169da85637c2132ad641adc77a258d,6ce35bd13f4b5852155cf85ad3993a5dfb6d8a2cb340964466d3bb1c2fa23607,A31;A08;A22;A10;A08;A22;A10;A31,4abce1d724d18a506281b218d1667819f115048f7548103731eb0f8713ac2154;912db94ddb8f6b694566d3e080e311f2cebab5df4f1ed33b4efbd45580835ef0;ac3a55202821fc35d6485212a936aa8a69ff8604974b3150467568326e26589e;544e6b77fd2b2f7f7acdd805cf37663ccacbc22fbbac1285f7886df11c92328e;912db94ddb8f6b694566d3e080e311f2cebab5df4f1ed33b4efbd45580835ef0;ac3a55202821fc35d6485212a936aa8a69ff8604974b3150467568326e26589e;544e6b77fd2b2f7f7acdd805cf37663ccacbc22fbbac1285f7886df11c92328e;4abce1d724d18a506281b218d1667819f115048f7548103731eb0f8713ac2154,generator_ground_truth_asset_identity_disjoint,"Familias semánticas compartidas; identidades, archivos y hashes de activo disjuntos entre splits."
idv2_train_G1_L2_C4,synthetic,train,asset_identity_disjoint,mixed_F1_F2_F3_F4,G1,L2,C4,42031,,datos/sinteticos_identidad_v2/imagenes/idv2_train_G1_L2_C4_rgb.png,datos/sinteticos_identidad_v2/mascaras/idv2_train_G1_L2_C4_mask.png,datos/sinteticos_identidad_v2/instancias/idv2_train_G1_L2_C4_instances.png,,,datos/sinteticos_identidad_v2/metadatos/idv2_train_G1_L2_C4_meta.json,2100,2970,fdf8b96d4276e746841ee7b0314e15adf7ea728f2c6daca0876fda6552e269e7,fdbc7cd66864a41d5462644c890d1f51e221bf5f09091ebb789708afcbb4acb6,A22;A10;A22;A08;A10;A08;A31;A31,ac3a55202821fc35d6485212a936aa8a69ff8604974b3150467568326e26589e;544e6b77fd2b2f7f7acdd805cf37663ccacbc22fbbac1285f7886df11c92328e;ac3a55202821fc35d6485212a936aa8a69ff8604974b3150467568326e26589e;912db94ddb8f6b694566d3e080e311f2cebab5df4f1ed33b4efbd45580835ef0;544e6b77fd2b2f7f7acdd805cf37663ccacbc22fbbac1285f7886df11c92328e;912db94ddb8f6b694566d3e080e311f2cebab5df4f1ed33b4efbd45580835ef0;4abce1d724d18a506281b218d1667819f115048f7548103731eb0f8713ac2154;4abce1d724d18a506281b218d1667819f115048f7548103731eb0f8713ac2154,generator_ground_truth_asset_identity_disjoint,"Familias semánticas compartidas; identidades, archivos y hashes de activo disjuntos entre splits."
idv2_train_G1_L1_C5,synthetic,train,asset_identity_disjoint,mixed_F1_F2_F3_F4,G1,L1,C5,42032,,datos/sinteticos_identidad_v2/imagenes/idv2_train_G1_L1_C5_rgb.png,datos/sinteticos_identidad_v2/mascaras/idv2_train_G1_L1_C5_mask.png,datos/sinteticos_identidad_v2/instancias/idv2_train_G1_L1_C5_instances.png,,,datos/sinteticos_identidad_v2/metadatos/idv2_train_G1_L1_C5_meta.json,2100,2970,223081e6bbdde8e3b94ec2d4181961bc1390dde00060b8ee1f16234acc339e50,e9c4aaa5232abdf98e339b9214169545d4103ff85d74ef9386854c325d633c50,A31;A08;A31;A22;A22;A10;A08;A10,4abce1d724d18a506281b218d1667819f115048f7548103731eb0f8713ac2154;912db94ddb8f6b694566d3e080e311f2cebab5df4f1ed33b4efbd45580835ef0;4abce1d724d18a506281b218d1667819f115048f7548103731eb0f8713ac2154;ac3a55202821fc35d6485212a936aa8a69ff8604974b3150467568326e26589e;ac3a55202821fc35d6485212a936aa8a69ff8604974b3150467568326e26589e;544e6b77fd2b2f7f7acdd805cf37663ccacbc22fbbac1285f7886df11c92328e;912db94ddb8f6b694566d3e080e311f2cebab5df4f1ed33b4efbd45580835ef0;544e6b77fd2b2f7f7acdd805cf37663ccacbc22fbbac1285f7886df11c92328e,generator_ground_truth_asset_identity_disjoint,"Familias semánticas compartidas; identidades, archivos y hashes de activo disjuntos entre splits."
idv2_train_G1_L2_C6,synthetic,train,asset_identity_disjoint,mixed_F1_F2_F3_F4,G1,L2,C6,42033,,datos/sinteticos_identidad_v2/imagenes/idv2_train_G1_L2_C6_rgb.png,datos/sinteticos_identidad_v2/mascaras/idv2_train_G1_L2_C6_mask.png,datos/sinteticos_identidad_v2/instancias/idv2_train_G1_L2_C6_instances.png,,,datos/sinteticos_identidad_v2/metadatos/idv2_train_G1_L2_C6_meta.json,2100,2970,433285886b0dafa62392f4aa571711c29a999b053fb888f7562f6efe58f15c3e,99a17b5655c7a3b35f27b78998f3feb44d030a5dd1cf9120e01107bd07767191,A31;A10;A22;A10;A31;A08;A22;A08,4abce1d724d18a506281b218d1667819f115048f7548103731eb0f8713ac2154;544e6b77fd2b2f7f7acdd805cf37663ccacbc22fbbac1285f7886df11c92328e;ac3a55202821fc35d6485212a936aa8a69ff8604974b3150467568326e26589e;544e6b77fd2b2f7f7acdd805cf37663ccacbc22fbbac1285f7886df11c92328e;4abce1d724d18a506281b218d1667819f115048f7548103731eb0f8713ac2154;912db94ddb8f6b694566d3e080e311f2cebab5df4f1ed33b4efbd45580835ef0;ac3a55202821fc35d6485212a936aa8a69ff8604974b3150467568326e26589e;912db94ddb8f6b694566d3e080e311f2cebab5df4f1ed33b4efbd45580835ef0,generator_ground_truth_asset_identity_disjoint,"Familias semánticas compartidas; identidades, archivos y hashes de activo disjuntos entre splits."
idv2_train_G2_L2_C1,synthetic,train,asset_identity_disjoint,mixed_F1_F2_F3_F4,G2,L2,C1,42034,,datos/sinteticos_identidad_v2/imagenes/idv2_train_G2_L2_C1_rgb.png,datos/sinteticos_identidad_v2/mascaras/idv2_train_G2_L2_C1_mask.png,datos/sinteticos_identidad_v2/instancias/idv2_train_G2_L2_C1_instances.png,,,datos/sinteticos_identidad_v2/metadatos/idv2_train_G2_L2_C1_meta.json,2100,2970,f4663a5fa38c23aac21797311e381bd22892bbeb3c6641d7bced0f1bf41cad32,7240cbbf7b9684215f14e66d97b804776ca3776a56d001a8a7bc11332291f002,A25;A16;A23;A01;A23;A25;A01;A16,9796f388d6531bfe7456864d60fae7e41925788edbe9aa5f3903b4f7c622b30b;9e977a8f2aff032dd5ba19d88838c6194234bfb2965c0b48888b70ef7f7d8db0;c1237c894c4133fd7684d21bb55621a3e56d88e2196ede2a3d3ea994a5d6eb6c;7c514c0eae1bbcc85db641e40cdceeaf8326c522626d6e7a722ea6c0062c1721;c1237c894c4133fd7684d21bb55621a3e56d88e2196ede2a3d3ea994a5d6eb6c;9796f388d6531bfe7456864d60fae7e41925788edbe9aa5f3903b4f7c622b30b;7c514c0eae1bbcc85db641e40cdceeaf8326c522626d6e7a722ea6c0062c1721;9e977a8f2aff032dd5ba19d88838c6194234bfb2965c0b48888b70ef7f7d8db0,generator_ground_truth_asset_identity_disjoint,"Familias semánticas compartidas; identidades, archivos y hashes de activo disjuntos entre splits."
idv2_train_G2_L1_C2,synthetic,train,asset_identity_disjoint,mixed_F1_F2_F3_F4,G2,L1,C2,42035,,datos/sinteticos_identidad_v2/imagenes/idv2_train_G2_L1_C2_rgb.png,datos/sinteticos_identidad_v2/mascaras/idv2_train_G2_L1_C2_mask.png,datos/sinteticos_identidad_v2/instancias/idv2_train_G2_L1_C2_instances.png,,,datos/sinteticos_identidad_v2/metadatos/idv2_train_G2_L1_C2_meta.json,2100,2970,3af904bdc20d0a5db095de7d57f72cf4b1671b7a8a5002070e9eabe45cfe87a7,87e82ebde59d6e5a31a65682b1e4ddd68c2f72ac7950c13cd904cdc6696740a1,A25;A01;A23;A25;A23;A16;A16;A01,9796f388d6531bfe7456864d60fae7e41925788edbe9aa5f3903b4f7c622b30b;7c514c0eae1bbcc85db641e40cdceeaf8326c522626d6e7a722ea6c0062c1721;c1237c894c4133fd7684d21bb55621a3e56d88e2196ede2a3d3ea994a5d6eb6c;9796f388d6531bfe7456864d60fae7e41925788edbe9aa5f3903b4f7c622b30b;c1237c894c4133fd7684d21bb55621a3e56d88e2196ede2a3d3ea994a5d6eb6c;9e977a8f2aff032dd5ba19d88838c6194234bfb2965c0b48888b70ef7f7d8db0;9e977a8f2aff032dd5ba19d88838c6194234bfb2965c0b48888b70ef7f7d8db0;7c514c0eae1bbcc85db641e40cdceeaf8326c522626d6e7a722ea6c0062c1721,generator_ground_truth_asset_identity_disjoint,"Familias semánticas compartidas; identidades, archivos y hashes de activo disjuntos entre splits."
idv2_train_G2_L2_C3,synthetic,train,asset_identity_disjoint,mixed_F1_F2_F3_F4,G2,L2,C3,42036,,datos/sinteticos_identidad_v2/imagenes/idv2_train_G2_L2_C3_rgb.png,datos/sinteticos_identidad_v2/mascaras/idv2_train_G2_L2_C3_mask.png,datos/sinteticos_identidad_v2/instancias/idv2_train_G2_L2_C3_instances.png,,,datos/sinteticos_identidad_v2/metadatos/idv2_train_G2_L2_C3_meta.json,2100,2970,6253e14e6cb5f2d8a6c1b805aed69355c7030b5ec207a03d74294195caf06d8b,bf2c8cd7853b75aaa3d2067ea2d8808c1691109675a8640643159b4e7f48eb92,A16;A23;A01;A01;A25;A16;A25;A23,9e977a8f2aff032dd5ba19d88838c6194234bfb2965c0b48888b70ef7f7d8db0;c1237c894c4133fd7684d21bb55621a3e56d88e2196ede2a3d3ea994a5d6eb6c;7c514c0eae1bbcc85db641e40cdceeaf8326c522626d6e7a722ea6c0062c1721;7c514c0eae1bbcc85db641e40cdceeaf8326c522626d6e7a722ea6c0062c1721;9796f388d6531bfe7456864d60fae7e41925788edbe9aa5f3903b4f7c622b30b;9e977a8f2aff032dd5ba19d88838c6194234bfb2965c0b48888b70ef7f7d8db0;9796f388d6531bfe7456864d60fae7e41925788edbe9aa5f3903b4f7c622b30b;c1237c894c4133fd7684d21bb55621a3e56d88e2196ede2a3d3ea994a5d6eb6c,generator_ground_truth_asset_identity_disjoint,"Familias semánticas compartidas; identidades, archivos y hashes de activo disjuntos entre splits."
idv2_train_G2_L1_C4,synthetic,train,asset_identity_disjoint,mixed_F1_F2_F3_F4,G2,L1,C4,42037,,datos/sinteticos_identidad_v2/imagenes/idv2_train_G2_L1_C4_rgb.png,datos/sinteticos_identidad_v2/mascaras/idv2_train_G2_L1_C4_mask.png,datos/sinteticos_identidad_v2/instancias/idv2_train_G2_L1_C4_instances.png,,,datos/sinteticos_identidad_v2/metadatos/idv2_train_G2_L1_C4_meta.json,2100,2970,bb7785aae76981f918e338e13fb7271282eb9913acf2eb2cd6a4c71ba4719382,1c7e685715e2424fd445922a94172077ff2530a4caa99f18459ba68bbde6229d,A23;A01;A25;A25;A16;A23;A01;A16,c1237c894c4133fd7684d21bb55621a3e56d88e2196ede2a3d3ea994a5d6eb6c;7c514c0eae1bbcc85db641e40cdceeaf8326c522626d6e7a722ea6c0062c1721;9796f388d6531bfe7456864d60fae7e41925788edbe9aa5f3903b4f7c622b30b;9796f388d6531bfe7456864d60fae7e41925788edbe9aa5f3903b4f7c622b30b;9e977a8f2aff032dd5ba19d88838c6194234bfb2965c0b48888b70ef7f7d8db0;c1237c894c4133fd7684d21bb55621a3e56d88e2196ede2a3d3ea994a5d6eb6c;7c514c0eae1bbcc85db641e40cdceeaf8326c522626d6e7a722ea6c0062c1721;9e977a8f2aff032dd5ba19d88838c6194234bfb2965c0b48888b70ef7f7d8db0,generator_ground_truth_asset_identity_disjoint,"Familias semánticas compartidas; identidades, archivos y hashes de activo disjuntos entre splits."
idv2_train_G2_L2_C5,synthetic,train,asset_identity_disjoint,mixed_F1_F2_F3_F4,G2,L2,C5,42038,,datos/sinteticos_identidad_v2/imagenes/idv2_train_G2_L2_C5_rgb.png,datos/sinteticos_identidad_v2/mascaras/idv2_train_G2_L2_C5_mask.png,datos/sinteticos_identidad_v2/instancias/idv2_train_G2_L2_C5_instances.png,,,datos/sinteticos_identidad_v2/metadatos/idv2_train_G2_L2_C5_meta.json,2100,2970,4c27c4faf4724cbaa05f03cdf617652389ea5b6b6b1ac4d4d85180275f935308,36de5b122cee6d498d90254c7751bf730f91ac792d7e834255fbda4612f93f86,A16;A16;A25;A23;A01;A23;A01;A25,9e977a8f2aff032dd5ba19d88838c6194234bfb2965c0b48888b70ef7f7d8db0;9e977a8f2aff032dd5ba19d88838c6194234bfb2965c0b48888b70ef7f7d8db0;9796f388d6531bfe7456864d60fae7e41925788edbe9aa5f3903b4f7c622b30b;c1237c894c4133fd7684d21bb55621a3e56d88e2196ede2a3d3ea994a5d6eb6c;7c514c0eae1bbcc85db641e40cdceeaf8326c522626d6e7a722ea6c0062c1721;c1237c894c4133fd7684d21bb55621a3e56d88e2196ede2a3d3ea994a5d6eb6c;7c514c0eae1bbcc85db641e40cdceeaf8326c522626d6e7a722ea6c0062c1721;9796f388d6531bfe7456864d60fae7e41925788edbe9aa5f3903b4f7c622b30b,generator_ground_truth_asset_identity_disjoint,"Familias semánticas compartidas; identidades, archivos y hashes de activo disjuntos entre splits."
idv2_train_G2_L1_C6,synthetic,train,asset_identity_disjoint,mixed_F1_F2_F3_F4,G2,L1,C6,42039,,datos/sinteticos_identidad_v2/imagenes/idv2_train_G2_L1_C6_rgb.png,datos/sinteticos_identidad_v2/mascaras/idv2_train_G2_L1_C6_mask.png,datos/sinteticos_identidad_v2/instancias/idv2_train_G2_L1_C6_instances.png,,,datos/sinteticos_identidad_v2/metadatos/idv2_train_G2_L1_C6_meta.json,2100,2970,acf5d5880ce9f559deaf82d7ef83528c3250ea10d21954158ca08b9746152528,7ae5efddd68617475f1db7c7ac10c4388fd887aa52850bf1bdf7d64f66b7f15d,A25;A25;A01;A16;A16;A23;A01;A23,9796f388d6531bfe7456864d60fae7e41925788edbe9aa5f3903b4f7c622b30b;9796f388d6531bfe7456864d60fae7e41925788edbe9aa5f3903b4f7c622b30b;7c514c0eae1bbcc85db641e40cdceeaf8326c522626d6e7a722ea6c0062c1721;9e977a8f2aff032dd5ba19d88838c6194234bfb2965c0b48888b70ef7f7d8db0;9e977a8f2aff032dd5ba19d88838c6194234bfb2965c0b48888b70ef7f7d8db0;c1237c894c4133fd7684d21bb55621a3e56d88e2196ede2a3d3ea994a5d6eb6c;7c514c0eae1bbcc85db641e40cdceeaf8326c522626d6e7a722ea6c0062c1721;c1237c894c4133fd7684d21bb55621a3e56d88e2196ede2a3d3ea994a5d6eb6c,generator_ground_truth_asset_identity_disjoint,"Familias semánticas compartidas; identidades, archivos y hashes de activo disjuntos entre splits."
idv2_train_G3_L1_C1,synthetic,train,asset_identity_disjoint,mixed_F1_F2_F3_F4,G3,L1,C1,42040,,datos/sinteticos_identidad_v2/imagenes/idv2_train_G3_L1_C1_rgb.png,datos/sinteticos_identidad_v2/mascaras/idv2_train_G3_L1_C1_mask.png,datos/sinteticos_identidad_v2/instancias/idv2_train_G3_L1_C1_instances.png,,,datos/sinteticos_identidad_v2/metadatos/idv2_train_G3_L1_C1_meta.json,2100,2970,c5f4123a034a2777d1d1f8a643c1be2bc7448943b5ebb0662e273f811ae7b188,e6cc5062947595695b60cf9b9d9aebcf2a221d90d8dc7e028d31b7f6a9263bf3,A19;A05;A30;A30;A05;A19;A12;A12,4a5226fa725d7abd6c3da83ab59ab19a15305c8ca0001060680c2b04e4b56f78;231a1b127933fba146f752042abfbc403324683ff638e06134e97205ebb433c9;3f672c818361e29fa15b9bbf658ca6375579d346c1903690b12ead1e63bc4913;3f672c818361e29fa15b9bbf658ca6375579d346c1903690b12ead1e63bc4913;231a1b127933fba146f752042abfbc403324683ff638e06134e97205ebb433c9;4a5226fa725d7abd6c3da83ab59ab19a15305c8ca0001060680c2b04e4b56f78;de3290ed83c0fc5bdba0d9d32a3c18f4fc7cf087b610221fbc8b12ee027ca04a;de3290ed83c0fc5bdba0d9d32a3c18f4fc7cf087b610221fbc8b12ee027ca04a,generator_ground_truth_asset_identity_disjoint,"Familias semánticas compartidas; identidades, archivos y hashes de activo disjuntos entre splits."
idv2_train_G3_L2_C2,synthetic,train,asset_identity_disjoint,mixed_F1_F2_F3_F4,G3,L2,C2,42041,,datos/sinteticos_identidad_v2/imagenes/idv2_train_G3_L2_C2_rgb.png,datos/sinteticos_identidad_v2/mascaras/idv2_train_G3_L2_C2_mask.png,datos/sinteticos_identidad_v2/instancias/idv2_train_G3_L2_C2_instances.png,,,datos/sinteticos_identidad_v2/metadatos/idv2_train_G3_L2_C2_meta.json,2100,2970,9fd1954f70f7b712f1d89240c47b69b683f1e7e17a5bdf366ad1c6cd5990b4ec,e3f36e35100eb1807b910a2b8d0718fb804ef55ccc7ddc7b465f83a55e5d5c3c,A05;A30;A12;A30;A19;A05;A12;A19,231a1b127933fba146f752042abfbc403324683ff638e06134e97205ebb433c9;3f672c818361e29fa15b9bbf658ca6375579d346c1903690b12ead1e63bc4913;de3290ed83c0fc5bdba0d9d32a3c18f4fc7cf087b610221fbc8b12ee027ca04a;3f672c818361e29fa15b9bbf658ca6375579d346c1903690b12ead1e63bc4913;4a5226fa725d7abd6c3da83ab59ab19a15305c8ca0001060680c2b04e4b56f78;231a1b127933fba146f752042abfbc403324683ff638e06134e97205ebb433c9;de3290ed83c0fc5bdba0d9d32a3c18f4fc7cf087b610221fbc8b12ee027ca04a;4a5226fa725d7abd6c3da83ab59ab19a15305c8ca0001060680c2b04e4b56f78,generator_ground_truth_asset_identity_disjoint,"Familias semánticas compartidas; identidades, archivos y hashes de activo disjuntos entre splits."
idv2_train_G3_L1_C3,synthetic,train,asset_identity_disjoint,mixed_F1_F2_F3_F4,G3,L1,C3,42042,,datos/sinteticos_identidad_v2/imagenes/idv2_train_G3_L1_C3_rgb.png,datos/sinteticos_identidad_v2/mascaras/idv2_train_G3_L1_C3_mask.png,datos/sinteticos_identidad_v2/instancias/idv2_train_G3_L1_C3_instances.png,,,datos/sinteticos_identidad_v2/metadatos/idv2_train_G3_L1_C3_meta.json,2100,2970,0619ebbd2c273dde02c65aeef487480da3e486a482b3a19605cb5fe084ff490e,a1422bc497836822822bc95d7708517618673632b6024298b8fb7a3035a4848a,A12;A19;A12;A19;A05;A05;A30;A30,de3290ed83c0fc5bdba0d9d32a3c18f4fc7cf087b610221fbc8b12ee027ca04a;4a5226fa725d7abd6c3da83ab59ab19a15305c8ca0001060680c2b04e4b56f78;de3290ed83c0fc5bdba0d9d32a3c18f4fc7cf087b610221fbc8b12ee027ca04a;4a5226fa725d7abd6c3da83ab59ab19a15305c8ca0001060680c2b04e4b56f78;231a1b127933fba146f752042abfbc403324683ff638e06134e97205ebb433c9;231a1b127933fba146f752042abfbc403324683ff638e06134e97205ebb433c9;3f672c818361e29fa15b9bbf658ca6375579d346c1903690b12ead1e63bc4913;3f672c818361e29fa15b9bbf658ca6375579d346c1903690b12ead1e63bc4913,generator_ground_truth_asset_identity_disjoint,"Familias semánticas compartidas; identidades, archivos y hashes de activo disjuntos entre splits."
idv2_train_G3_L2_C4,synthetic,train,asset_identity_disjoint,mixed_F1_F2_F3_F4,G3,L2,C4,42043,,datos/sinteticos_identidad_v2/imagenes/idv2_train_G3_L2_C4_rgb.png,datos/sinteticos_identidad_v2/mascaras/idv2_train_G3_L2_C4_mask.png,datos/sinteticos_identidad_v2/instancias/idv2_train_G3_L2_C4_instances.png,,,datos/sinteticos_identidad_v2/metadatos/idv2_train_G3_L2_C4_meta.json,2100,2970,eaf3d3dcd1814e40de5c27ca527fc89413bc6b9ffa76411f32a89e591b70a883,872ffc87e3a8ac3bac3cbdd292fe2c85b0fd46b582865596faa14228082e1edd,A12;A05;A19;A19;A30;A30;A05;A12,de3290ed83c0fc5bdba0d9d32a3c18f4fc7cf087b610221fbc8b12ee027ca04a;231a1b127933fba146f752042abfbc403324683ff638e06134e97205ebb433c9;4a5226fa725d7abd6c3da83ab59ab19a15305c8ca0001060680c2b04e4b56f78;4a5226fa725d7abd6c3da83ab59ab19a15305c8ca0001060680c2b04e4b56f78;3f672c818361e29fa15b9bbf658ca6375579d346c1903690b12ead1e63bc4913;3f672c818361e29fa15b9bbf658ca6375579d346c1903690b12ead1e63bc4913;231a1b127933fba146f752042abfbc403324683ff638e06134e97205ebb433c9;de3290ed83c0fc5bdba0d9d32a3c18f4fc7cf087b610221fbc8b12ee027ca04a,generator_ground_truth_asset_identity_disjoint,"Familias semánticas compartidas; identidades, archivos y hashes de activo disjuntos entre splits."
idv2_train_G3_L1_C5,synthetic,train,asset_identity_disjoint,mixed_F1_F2_F3_F4,G3,L1,C5,42044,,datos/sinteticos_identidad_v2/imagenes/idv2_train_G3_L1_C5_rgb.png,datos/sinteticos_identidad_v2/mascaras/idv2_train_G3_L1_C5_mask.png,datos/sinteticos_identidad_v2/instancias/idv2_train_G3_L1_C5_instances.png,,,datos/sinteticos_identidad_v2/metadatos/idv2_train_G3_L1_C5_meta.json,2100,2970,4bf110d095fa2a83578093f687443518002301394ce6bc91453ccd1ef9dfbf53,6dc88874eb19339bbd7d4a90102b2db38488621e34267241c7c35a278870ad49,A12;A30;A05;A05;A12;A30;A19;A19,de3290ed83c0fc5bdba0d9d32a3c18f4fc7cf087b610221fbc8b12ee027ca04a;3f672c818361e29fa15b9bbf658ca6375579d346c1903690b12ead1e63bc4913;231a1b127933fba146f752042abfbc403324683ff638e06134e97205ebb433c9;231a1b127933fba146f752042abfbc403324683ff638e06134e97205ebb433c9;de3290ed83c0fc5bdba0d9d32a3c18f4fc7cf087b610221fbc8b12ee027ca04a;3f672c818361e29fa15b9bbf658ca6375579d346c1903690b12ead1e63bc4913;4a5226fa725d7abd6c3da83ab59ab19a15305c8ca0001060680c2b04e4b56f78;4a5226fa725d7abd6c3da83ab59ab19a15305c8ca0001060680c2b04e4b56f78,generator_ground_truth_asset_identity_disjoint,"Familias semánticas compartidas; identidades, archivos y hashes de activo disjuntos entre splits."
idv2_train_G3_L2_C6,synthetic,train,asset_identity_disjoint,mixed_F1_F2_F3_F4,G3,L2,C6,42045,,datos/sinteticos_identidad_v2/imagenes/idv2_train_G3_L2_C6_rgb.png,datos/sinteticos_identidad_v2/mascaras/idv2_train_G3_L2_C6_mask.png,datos/sinteticos_identidad_v2/instancias/idv2_train_G3_L2_C6_instances.png,,,datos/sinteticos_identidad_v2/metadatos/idv2_train_G3_L2_C6_meta.json,2100,2970,fd77397c6414caa6a3bc289201b3182bc9b1877800672616c1081ee5c03e169f,fabccd3685e3c291ec679eda8a6c1e59d60112805f5275d2584d342ddd9c9f7c,A30;A19;A05;A12;A30;A19;A12;A05,3f672c818361e29fa15b9bbf658ca6375579d346c1903690b12ead1e63bc4913;4a5226fa725d7abd6c3da83ab59ab19a15305c8ca0001060680c2b04e4b56f78;231a1b127933fba146f752042abfbc403324683ff638e06134e97205ebb433c9;de3290ed83c0fc5bdba0d9d32a3c18f4fc7cf087b610221fbc8b12ee027ca04a;3f672c818361e29fa15b9bbf658ca6375579d346c1903690b12ead1e63bc4913;4a5226fa725d7abd6c3da83ab59ab19a15305c8ca0001060680c2b04e4b56f78;de3290ed83c0fc5bdba0d9d32a3c18f4fc7cf087b610221fbc8b12ee027ca04a;231a1b127933fba146f752042abfbc403324683ff638e06134e97205ebb433c9,generator_ground_truth_asset_identity_disjoint,"Familias semánticas compartidas; identidades, archivos y hashes de activo disjuntos entre splits."
idv2_train_G4_L2_C1,synthetic,train,asset_identity_disjoint,mixed_F1_F2_F3_F4,G4,L2,C1,42046,,datos/sinteticos_identidad_v2/imagenes/idv2_train_G4_L2_C1_rgb.png,datos/sinteticos_identidad_v2/mascaras/idv2_train_G4_L2_C1_mask.png,datos/sinteticos_identidad_v2/instancias/idv2_train_G4_L2_C1_instances.png,,,datos/sinteticos_identidad_v2/metadatos/idv2_train_G4_L2_C1_meta.json,2100,2970,603e25d5c1eaaf2dcd1253eb5cb7eacabff9cc52e8f07c520f18986b92aa92e7,1d745ad299201b6d3abc1dc840141b608455c4d4c4eb384f779d94ba90592d16,A32;A04;A21;A04;A13;A21;A32;A13,d470f84274efd217a6b1b6a49f5bcdd57b714eb579e0af87157c1ad2db9a9276;2e2a02fc76d2a645f5dc4083ce48b86853f77dab75b6c9a6b78a58debf9983db;665ccd059102e0b58b63fe2b9e97abb574dbbc1ff00426e2c4c54a5a9d10f3cc;2e2a02fc76d2a645f5dc4083ce48b86853f77dab75b6c9a6b78a58debf9983db;7ed74be8eff2202f8bc18a28c18dfd8d317acd2b15f4f1970d845ccb939325ce;665ccd059102e0b58b63fe2b9e97abb574dbbc1ff00426e2c4c54a5a9d10f3cc;d470f84274efd217a6b1b6a49f5bcdd57b714eb579e0af87157c1ad2db9a9276;7ed74be8eff2202f8bc18a28c18dfd8d317acd2b15f4f1970d845ccb939325ce,generator_ground_truth_asset_identity_disjoint,"Familias semánticas compartidas; identidades, archivos y hashes de activo disjuntos entre splits."
idv2_train_G4_L1_C2,synthetic,train,asset_identity_disjoint,mixed_F1_F2_F3_F4,G4,L1,C2,42047,,datos/sinteticos_identidad_v2/imagenes/idv2_train_G4_L1_C2_rgb.png,datos/sinteticos_identidad_v2/mascaras/idv2_train_G4_L1_C2_mask.png,datos/sinteticos_identidad_v2/instancias/idv2_train_G4_L1_C2_instances.png,,,datos/sinteticos_identidad_v2/metadatos/idv2_train_G4_L1_C2_meta.json,2100,2970,dfa97c29447f9cf399d426a17836313ca286d6a472cd4f36b14279dd984cce93,3ecafea6fc83454bef4169e9e6efe79734843fa269dd4d6a4c68336a22695731,A32;A21;A04;A21;A32;A13;A04;A13,d470f84274efd217a6b1b6a49f5bcdd57b714eb579e0af87157c1ad2db9a9276;665ccd059102e0b58b63fe2b9e97abb574dbbc1ff00426e2c4c54a5a9d10f3cc;2e2a02fc76d2a645f5dc4083ce48b86853f77dab75b6c9a6b78a58debf9983db;665ccd059102e0b58b63fe2b9e97abb574dbbc1ff00426e2c4c54a5a9d10f3cc;d470f84274efd217a6b1b6a49f5bcdd57b714eb579e0af87157c1ad2db9a9276;7ed74be8eff2202f8bc18a28c18dfd8d317acd2b15f4f1970d845ccb939325ce;2e2a02fc76d2a645f5dc4083ce48b86853f77dab75b6c9a6b78a58debf9983db;7ed74be8eff2202f8bc18a28c18dfd8d317acd2b15f4f1970d845ccb939325ce,generator_ground_truth_asset_identity_disjoint,"Familias semánticas compartidas; identidades, archivos y hashes de activo disjuntos entre splits."
idv2_train_G4_L2_C3,synthetic,train,asset_identity_disjoint,mixed_F1_F2_F3_F4,G4,L2,C3,42048,,datos/sinteticos_identidad_v2/imagenes/idv2_train_G4_L2_C3_rgb.png,datos/sinteticos_identidad_v2/mascaras/idv2_train_G4_L2_C3_mask.png,datos/sinteticos_identidad_v2/instancias/idv2_train_G4_L2_C3_instances.png,,,datos/sinteticos_identidad_v2/metadatos/idv2_train_G4_L2_C3_meta.json,2100,2970,9bc7ee5a76e665cbf38ac32dc50a926e8c7e27f008d42b6d243d85b879466713,dccc1db474f982ede69bf550cf3731a166ad72ab387d36712c11122f8d2f85c1,A32;A32;A04;A13;A21;A13;A21;A04,d470f84274efd217a6b1b6a49f5bcdd57b714eb579e0af87157c1ad2db9a9276;d470f84274efd217a6b1b6a49f5bcdd57b714eb579e0af87157c1ad2db9a9276;2e2a02fc76d2a645f5dc4083ce48b86853f77dab75b6c9a6b78a58debf9983db;7ed74be8eff2202f8bc18a28c18dfd8d317acd2b15f4f1970d845ccb939325ce;665ccd059102e0b58b63fe2b9e97abb574dbbc1ff00426e2c4c54a5a9d10f3cc;7ed74be8eff2202f8bc18a28c18dfd8d317acd2b15f4f1970d845ccb939325ce;665ccd059102e0b58b63fe2b9e97abb574dbbc1ff00426e2c4c54a5a9d10f3cc;2e2a02fc76d2a645f5dc4083ce48b86853f77dab75b6c9a6b78a58debf9983db,generator_ground_truth_asset_identity_disjoint,"Familias semánticas compartidas; identidades, archivos y hashes de activo disjuntos entre splits."
idv2_train_G4_L1_C4,synthetic,train,asset_identity_disjoint,mixed_F1_F2_F3_F4,G4,L1,C4,42049,,datos/sinteticos_identidad_v2/imagenes/idv2_train_G4_L1_C4_rgb.png,datos/sinteticos_identidad_v2/mascaras/idv2_train_G4_L1_C4_mask.png,datos/sinteticos_identidad_v2/instancias/idv2_train_G4_L1_C4_instances.png,,,datos/sinteticos_identidad_v2/metadatos/idv2_train_G4_L1_C4_meta.json,2100,2970,49cd02047d51a2b60152110c2d7b306619b393b308d4ef9702e74e2297a76a0c,9443c2553431bca7cdf0709fafcc9b3ca479074db00ca5c102a50668c51b0331,A13;A21;A32;A04;A04;A32;A21;A13,7ed74be8eff2202f8bc18a28c18dfd8d317acd2b15f4f1970d845ccb939325ce;665ccd059102e0b58b63fe2b9e97abb574dbbc1ff00426e2c4c54a5a9d10f3cc;d470f84274efd217a6b1b6a49f5bcdd57b714eb579e0af87157c1ad2db9a9276;2e2a02fc76d2a645f5dc4083ce48b86853f77dab75b6c9a6b78a58debf9983db;2e2a02fc76d2a645f5dc4083ce48b86853f77dab75b6c9a6b78a58debf9983db;d470f84274efd217a6b1b6a49f5bcdd57b714eb579e0af87157c1ad2db9a9276;665ccd059102e0b58b63fe2b9e97abb574dbbc1ff00426e2c4c54a5a9d10f3cc;7ed74be8eff2202f8bc18a28c18dfd8d317acd2b15f4f1970d845ccb939325ce,generator_ground_truth_asset_identity_disjoint,"Familias semánticas compartidas; identidades, archivos y hashes de activo disjuntos entre splits."
idv2_train_G4_L2_C5,synthetic,train,asset_identity_disjoint,mixed_F1_F2_F3_F4,G4,L2,C5,42050,,datos/sinteticos_identidad_v2/imagenes/idv2_train_G4_L2_C5_rgb.png,datos/sinteticos_identidad_v2/mascaras/idv2_train_G4_L2_C5_mask.png,datos/sinteticos_identidad_v2/instancias/idv2_train_G4_L2_C5_instances.png,,,datos/sinteticos_identidad_v2/metadatos/idv2_train_G4_L2_C5_meta.json,2100,2970,cfc0bbd335a8e8bc8b291e6586ea805f4bd879e37bb58dde244533ebcb9e4efd,be1cbb08f007d1a5d97f5f5f6b7fd7a8b77950726cf41a42022770dfdbf91f37,A04;A21;A32;A21;A13;A13;A32;A04,2e2a02fc76d2a645f5dc4083ce48b86853f77dab75b6c9a6b78a58debf9983db;665ccd059102e0b58b63fe2b9e97abb574dbbc1ff00426e2c4c54a5a9d10f3cc;d470f84274efd217a6b1b6a49f5bcdd57b714eb579e0af87157c1ad2db9a9276;665ccd059102e0b58b63fe2b9e97abb574dbbc1ff00426e2c4c54a5a9d10f3cc;7ed74be8eff2202f8bc18a28c18dfd8d317acd2b15f4f1970d845ccb939325ce;7ed74be8eff2202f8bc18a28c18dfd8d317acd2b15f4f1970d845ccb939325ce;d470f84274efd217a6b1b6a49f5bcdd57b714eb579e0af87157c1ad2db9a9276;2e2a02fc76d2a645f5dc4083ce48b86853f77dab75b6c9a6b78a58debf9983db,generator_ground_truth_asset_identity_disjoint,"Familias semánticas compartidas; identidades, archivos y hashes de activo disjuntos entre splits."
idv2_train_G4_L1_C6,synthetic,train,asset_identity_disjoint,mixed_F1_F2_F3_F4,G4,L1,C6,42051,,datos/sinteticos_identidad_v2/imagenes/idv2_train_G4_L1_C6_rgb.png,datos/sinteticos_identidad_v2/mascaras/idv2_train_G4_L1_C6_mask.png,datos/sinteticos_identidad_v2/instancias/idv2_train_G4_L1_C6_instances.png,,,datos/sinteticos_identidad_v2/metadatos/idv2_train_G4_L1_C6_meta.json,2100,2970,a87ba938173310e583e976c5d6bcdf8eb22be0e2b848edf519bf9ee2bb62e1aa,76389bd7ffeb12a95a39ca72009c133f7176a45cd7ee1ca5494142d3c21c0a9f,A04;A32;A32;A21;A13;A04;A13;A21,2e2a02fc76d2a645f5dc4083ce48b86853f77dab75b6c9a6b78a58debf9983db;d470f84274efd217a6b1b6a49f5bcdd57b714eb579e0af87157c1ad2db9a9276;d470f84274efd217a6b1b6a49f5bcdd57b714eb579e0af87157c1ad2db9a9276;665ccd059102e0b58b63fe2b9e97abb574dbbc1ff00426e2c4c54a5a9d10f3cc;7ed74be8eff2202f8bc18a28c18dfd8d317acd2b15f4f1970d845ccb939325ce;2e2a02fc76d2a645f5dc4083ce48b86853f77dab75b6c9a6b78a58debf9983db;7ed74be8eff2202f8bc18a28c18dfd8d317acd2b15f4f1970d845ccb939325ce;665ccd059102e0b58b63fe2b9e97abb574dbbc1ff00426e2c4c54a5a9d10f3cc,generator_ground_truth_asset_identity_disjoint,"Familias semánticas compartidas; identidades, archivos y hashes de activo disjuntos entre splits."
idv2_val_L1_C1,synthetic,val,asset_identity_disjoint,mixed_F1_F2_F3_F4,,L1,C1,42052,,datos/sinteticos_identidad_v2/imagenes/idv2_val_L1_C1_rgb.png,datos/sinteticos_identidad_v2/mascaras/idv2_val_L1_C1_mask.png,datos/sinteticos_identidad_v2/instancias/idv2_val_L1_C1_instances.png,,,datos/sinteticos_identidad_v2/metadatos/idv2_val_L1_C1_meta.json,2100,2970,d67c6ad8be1ca9a3831d3e80e36fc1b2d25634efe77fa90ced217d0eef3b4f53,2a2a73de8454ecdc1b5eedde83e7986128d4630d6e35b3b926e0ee6e22b8a997,A29;A09;A20;A24;A14;A27;A02;A07,edc864d6f70dc1d7b7fc4236bfb14f3886c17375153a64a99b5662bfe7430e40;0098fb03f8853d4af49b8f4279692bcb3c18839c44158ede35bc0f46f7f5ed74;c19096cc6e04bdd9bb625d2040f88ac91635f5c3ffce621d19d15f9368b2b084;037f3c007c8237fcd6be76045d80eb49db8803a994a7665181750efd6dba01d9;16449cc1ca936edc61e62d4923e4560a194693222217a0ccc5511a08f2fb02d9;8517486f4e20f2096870c1a50b9b9d26ee494eda0cea746939a3cd0f3aac8970;84340707363b83754b8c0636f0a44e8394e442fee4146d7006573e8212821c1d;22e1bedef5d128ac67f4dbe31572df3b82819ca4ecd9ef4f6eb13fb137ed362b,generator_ground_truth_asset_identity_disjoint,"Familias semánticas compartidas; identidades, archivos y hashes de activo disjuntos entre splits."
idv2_val_L1_C2,synthetic,val,asset_identity_disjoint,mixed_F1_F2_F3_F4,,L1,C2,42053,,datos/sinteticos_identidad_v2/imagenes/idv2_val_L1_C2_rgb.png,datos/sinteticos_identidad_v2/mascaras/idv2_val_L1_C2_mask.png,datos/sinteticos_identidad_v2/instancias/idv2_val_L1_C2_instances.png,,,datos/sinteticos_identidad_v2/metadatos/idv2_val_L1_C2_meta.json,2100,2970,50cfe4c7ec1bc3c7066f87cc9123a519098b20a1ea35de576a22ced2205a6d21,6161cc1cfa487742a6ffa680d9d972067dea1541fec0d15e2aa960a8c16292a4,A09;A27;A14;A24;A20;A29;A07;A02,0098fb03f8853d4af49b8f4279692bcb3c18839c44158ede35bc0f46f7f5ed74;8517486f4e20f2096870c1a50b9b9d26ee494eda0cea746939a3cd0f3aac8970;16449cc1ca936edc61e62d4923e4560a194693222217a0ccc5511a08f2fb02d9;037f3c007c8237fcd6be76045d80eb49db8803a994a7665181750efd6dba01d9;c19096cc6e04bdd9bb625d2040f88ac91635f5c3ffce621d19d15f9368b2b084;edc864d6f70dc1d7b7fc4236bfb14f3886c17375153a64a99b5662bfe7430e40;22e1bedef5d128ac67f4dbe31572df3b82819ca4ecd9ef4f6eb13fb137ed362b;84340707363b83754b8c0636f0a44e8394e442fee4146d7006573e8212821c1d,generator_ground_truth_asset_identity_disjoint,"Familias semánticas compartidas; identidades, archivos y hashes de activo disjuntos entre splits."
idv2_val_L1_C3,synthetic,val,asset_identity_disjoint,mixed_F1_F2_F3_F4,,L1,C3,42054,,datos/sinteticos_identidad_v2/imagenes/idv2_val_L1_C3_rgb.png,datos/sinteticos_identidad_v2/mascaras/idv2_val_L1_C3_mask.png,datos/sinteticos_identidad_v2/instancias/idv2_val_L1_C3_instances.png,,,datos/sinteticos_identidad_v2/metadatos/idv2_val_L1_C3_meta.json,2100,2970,f52c775b23a51c31a1b11d64a143e0370b70b436dcb0f9a0919171e86fecef67,2d13a5934e45976778a75105d1a7dd951873511f8d1874dcfea72d7c4674ed0b,A24;A07;A29;A14;A09;A02;A27;A20,037f3c007c8237fcd6be76045d80eb49db8803a994a7665181750efd6dba01d9;22e1bedef5d128ac67f4dbe31572df3b82819ca4ecd9ef4f6eb13fb137ed362b;edc864d6f70dc1d7b7fc4236bfb14f3886c17375153a64a99b5662bfe7430e40;16449cc1ca936edc61e62d4923e4560a194693222217a0ccc5511a08f2fb02d9;0098fb03f8853d4af49b8f4279692bcb3c18839c44158ede35bc0f46f7f5ed74;84340707363b83754b8c0636f0a44e8394e442fee4146d7006573e8212821c1d;8517486f4e20f2096870c1a50b9b9d26ee494eda0cea746939a3cd0f3aac8970;c19096cc6e04bdd9bb625d2040f88ac91635f5c3ffce621d19d15f9368b2b084,generator_ground_truth_asset_identity_disjoint,"Familias semánticas compartidas; identidades, archivos y hashes de activo disjuntos entre splits."
idv2_val_L1_C4,synthetic,val,asset_identity_disjoint,mixed_F1_F2_F3_F4,,L1,C4,42055,,datos/sinteticos_identidad_v2/imagenes/idv2_val_L1_C4_rgb.png,datos/sinteticos_identidad_v2/mascaras/idv2_val_L1_C4_mask.png,datos/sinteticos_identidad_v2/instancias/idv2_val_L1_C4_instances.png,,,datos/sinteticos_identidad_v2/metadatos/idv2_val_L1_C4_meta.json,2100,2970,a42551fa7524a36903e445df131d37d74abae8bf9edbe93136ea492a515e0804,24b131baf6c5e1732d75c93c6d9e7db6e68e6a0b6d76d2f7fbe774ad111e2555,A14;A24;A27;A07;A20;A09;A29;A02,16449cc1ca936edc61e62d4923e4560a194693222217a0ccc5511a08f2fb02d9;037f3c007c8237fcd6be76045d80eb49db8803a994a7665181750efd6dba01d9;8517486f4e20f2096870c1a50b9b9d26ee494eda0cea746939a3cd0f3aac8970;22e1bedef5d128ac67f4dbe31572df3b82819ca4ecd9ef4f6eb13fb137ed362b;c19096cc6e04bdd9bb625d2040f88ac91635f5c3ffce621d19d15f9368b2b084;0098fb03f8853d4af49b8f4279692bcb3c18839c44158ede35bc0f46f7f5ed74;edc864d6f70dc1d7b7fc4236bfb14f3886c17375153a64a99b5662bfe7430e40;84340707363b83754b8c0636f0a44e8394e442fee4146d7006573e8212821c1d,generator_ground_truth_asset_identity_disjoint,"Familias semánticas compartidas; identidades, archivos y hashes de activo disjuntos entre splits."
idv2_val_L1_C5,synthetic,val,asset_identity_disjoint,mixed_F1_F2_F3_F4,,L1,C5,42056,,datos/sinteticos_identidad_v2/imagenes/idv2_val_L1_C5_rgb.png,datos/sinteticos_identidad_v2/mascaras/idv2_val_L1_C5_mask.png,datos/sinteticos_identidad_v2/instancias/idv2_val_L1_C5_instances.png,,,datos/sinteticos_identidad_v2/metadatos/idv2_val_L1_C5_meta.json,2100,2970,fb52767445a451e9e5d0e40e0cb66aedc3eb5c8761e1214a8d880bc7c76dbbb7,b68de34a2f366cabd5668afef02602b4b27c32358d39b479f458eeec4f9f1fbe,A27;A07;A09;A20;A14;A29;A24;A02,8517486f4e20f2096870c1a50b9b9d26ee494eda0cea746939a3cd0f3aac8970;22e1bedef5d128ac67f4dbe31572df3b82819ca4ecd9ef4f6eb13fb137ed362b;0098fb03f8853d4af49b8f4279692bcb3c18839c44158ede35bc0f46f7f5ed74;c19096cc6e04bdd9bb625d2040f88ac91635f5c3ffce621d19d15f9368b2b084;16449cc1ca936edc61e62d4923e4560a194693222217a0ccc5511a08f2fb02d9;edc864d6f70dc1d7b7fc4236bfb14f3886c17375153a64a99b5662bfe7430e40;037f3c007c8237fcd6be76045d80eb49db8803a994a7665181750efd6dba01d9;84340707363b83754b8c0636f0a44e8394e442fee4146d7006573e8212821c1d,generator_ground_truth_asset_identity_disjoint,"Familias semánticas compartidas; identidades, archivos y hashes de activo disjuntos entre splits."
idv2_val_L1_C6,synthetic,val,asset_identity_disjoint,mixed_F1_F2_F3_F4,,L1,C6,42057,,datos/sinteticos_identidad_v2/imagenes/idv2_val_L1_C6_rgb.png,datos/sinteticos_identidad_v2/mascaras/idv2_val_L1_C6_mask.png,datos/sinteticos_identidad_v2/instancias/idv2_val_L1_C6_instances.png,,,datos/sinteticos_identidad_v2/metadatos/idv2_val_L1_C6_meta.json,2100,2970,9f8d27ecc3227466188b942e0d7c242fa5dc9ff149129766de08539c0fede42c,324f983d5cd89032ae4713100cf4393954e3ee8f5ef75f374d1c2f78e93a2fc4,A27;A24;A09;A02;A14;A29;A07;A20,8517486f4e20f2096870c1a50b9b9d26ee494eda0cea746939a3cd0f3aac8970;037f3c007c8237fcd6be76045d80eb49db8803a994a7665181750efd6dba01d9;0098fb03f8853d4af49b8f4279692bcb3c18839c44158ede35bc0f46f7f5ed74;84340707363b83754b8c0636f0a44e8394e442fee4146d7006573e8212821c1d;16449cc1ca936edc61e62d4923e4560a194693222217a0ccc5511a08f2fb02d9;edc864d6f70dc1d7b7fc4236bfb14f3886c17375153a64a99b5662bfe7430e40;22e1bedef5d128ac67f4dbe31572df3b82819ca4ecd9ef4f6eb13fb137ed362b;c19096cc6e04bdd9bb625d2040f88ac91635f5c3ffce621d19d15f9368b2b084,generator_ground_truth_asset_identity_disjoint,"Familias semánticas compartidas; identidades, archivos y hashes de activo disjuntos entre splits."
idv2_val_L2_C1,synthetic,val,asset_identity_disjoint,mixed_F1_F2_F3_F4,,L2,C1,42058,,datos/sinteticos_identidad_v2/imagenes/idv2_val_L2_C1_rgb.png,datos/sinteticos_identidad_v2/mascaras/idv2_val_L2_C1_mask.png,datos/sinteticos_identidad_v2/instancias/idv2_val_L2_C1_instances.png,,,datos/sinteticos_identidad_v2/metadatos/idv2_val_L2_C1_meta.json,2100,2970,62e92b3724ea9851acf8db9a5c6951927b9f058d5c48064b396d9f413d9488ef,19264a34422e2baca2761befe9b635d564e516cd0106172f54339ed88affc77e,A24;A02;A07;A20;A09;A29;A27;A14,037f3c007c8237fcd6be76045d80eb49db8803a994a7665181750efd6dba01d9;84340707363b83754b8c0636f0a44e8394e442fee4146d7006573e8212821c1d;22e1bedef5d128ac67f4dbe31572df3b82819ca4ecd9ef4f6eb13fb137ed362b;c19096cc6e04bdd9bb625d2040f88ac91635f5c3ffce621d19d15f9368b2b084;0098fb03f8853d4af49b8f4279692bcb3c18839c44158ede35bc0f46f7f5ed74;edc864d6f70dc1d7b7fc4236bfb14f3886c17375153a64a99b5662bfe7430e40;8517486f4e20f2096870c1a50b9b9d26ee494eda0cea746939a3cd0f3aac8970;16449cc1ca936edc61e62d4923e4560a194693222217a0ccc5511a08f2fb02d9,generator_ground_truth_asset_identity_disjoint,"Familias semánticas compartidas; identidades, archivos y hashes de activo disjuntos entre splits."
idv2_val_L2_C2,synthetic,val,asset_identity_disjoint,mixed_F1_F2_F3_F4,,L2,C2,42059,,datos/sinteticos_identidad_v2/imagenes/idv2_val_L2_C2_rgb.png,datos/sinteticos_identidad_v2/mascaras/idv2_val_L2_C2_mask.png,datos/sinteticos_identidad_v2/instancias/idv2_val_L2_C2_instances.png,,,datos/sinteticos_identidad_v2/metadatos/idv2_val_L2_C2_meta.json,2100,2970,0007b576911b057d7f70b0ad4d10e5b7a61b95ac48ad619bf906898cc49d111d,819d8b4017b22bfb0408d88d7849e42745ddf3d91aa578c7a6fca6b160cf207e,A14;A09;A02;A07;A24;A29;A27;A20,16449cc1ca936edc61e62d4923e4560a194693222217a0ccc5511a08f2fb02d9;0098fb03f8853d4af49b8f4279692bcb3c18839c44158ede35bc0f46f7f5ed74;84340707363b83754b8c0636f0a44e8394e442fee4146d7006573e8212821c1d;22e1bedef5d128ac67f4dbe31572df3b82819ca4ecd9ef4f6eb13fb137ed362b;037f3c007c8237fcd6be76045d80eb49db8803a994a7665181750efd6dba01d9;edc864d6f70dc1d7b7fc4236bfb14f3886c17375153a64a99b5662bfe7430e40;8517486f4e20f2096870c1a50b9b9d26ee494eda0cea746939a3cd0f3aac8970;c19096cc6e04bdd9bb625d2040f88ac91635f5c3ffce621d19d15f9368b2b084,generator_ground_truth_asset_identity_disjoint,"Familias semánticas compartidas; identidades, archivos y hashes de activo disjuntos entre splits."
idv2_val_L2_C3,synthetic,val,asset_identity_disjoint,mixed_F1_F2_F3_F4,,L2,C3,42060,,datos/sinteticos_identidad_v2/imagenes/idv2_val_L2_C3_rgb.png,datos/sinteticos_identidad_v2/mascaras/idv2_val_L2_C3_mask.png,datos/sinteticos_identidad_v2/instancias/idv2_val_L2_C3_instances.png,,,datos/sinteticos_identidad_v2/metadatos/idv2_val_L2_C3_meta.json,2100,2970,898e71e9e03e949c836d2709a5a76a484f0064371f9f1fe1c9f8ac03b0b444db,6def6cb4955e8eeae486cb3c50cab063f3cf31d748c0a8c653b2177dd6a58232,A29;A09;A20;A07;A14;A24;A27;A02,edc864d6f70dc1d7b7fc4236bfb14f3886c17375153a64a99b5662bfe7430e40;0098fb03f8853d4af49b8f4279692bcb3c18839c44158ede35bc0f46f7f5ed74;c19096cc6e04bdd9bb625d2040f88ac91635f5c3ffce621d19d15f9368b2b084;22e1bedef5d128ac67f4dbe31572df3b82819ca4ecd9ef4f6eb13fb137ed362b;16449cc1ca936edc61e62d4923e4560a194693222217a0ccc5511a08f2fb02d9;037f3c007c8237fcd6be76045d80eb49db8803a994a7665181750efd6dba01d9;8517486f4e20f2096870c1a50b9b9d26ee494eda0cea746939a3cd0f3aac8970;84340707363b83754b8c0636f0a44e8394e442fee4146d7006573e8212821c1d,generator_ground_truth_asset_identity_disjoint,"Familias semánticas compartidas; identidades, archivos y hashes de activo disjuntos entre splits."
idv2_val_L2_C4,synthetic,val,asset_identity_disjoint,mixed_F1_F2_F3_F4,,L2,C4,42061,,datos/sinteticos_identidad_v2/imagenes/idv2_val_L2_C4_rgb.png,datos/sinteticos_identidad_v2/mascaras/idv2_val_L2_C4_mask.png,datos/sinteticos_identidad_v2/instancias/idv2_val_L2_C4_instances.png,,,datos/sinteticos_identidad_v2/metadatos/idv2_val_L2_C4_meta.json,2100,2970,1c239df1ee6e768361706f7aaee5424eae83cfcdb474faa9a64a31af8775f8b5,95255cf612169a65d3dd5e86f3b729b82cfbe1b838c5cb2e36413823aeb5a48a,A07;A02;A14;A27;A29;A24;A09;A20,22e1bedef5d128ac67f4dbe31572df3b82819ca4ecd9ef4f6eb13fb137ed362b;84340707363b83754b8c0636f0a44e8394e442fee4146d7006573e8212821c1d;16449cc1ca936edc61e62d4923e4560a194693222217a0ccc5511a08f2fb02d9;8517486f4e20f2096870c1a50b9b9d26ee494eda0cea746939a3cd0f3aac8970;edc864d6f70dc1d7b7fc4236bfb14f3886c17375153a64a99b5662bfe7430e40;037f3c007c8237fcd6be76045d80eb49db8803a994a7665181750efd6dba01d9;0098fb03f8853d4af49b8f4279692bcb3c18839c44158ede35bc0f46f7f5ed74;c19096cc6e04bdd9bb625d2040f88ac91635f5c3ffce621d19d15f9368b2b084,generator_ground_truth_asset_identity_disjoint,"Familias semánticas compartidas; identidades, archivos y hashes de activo disjuntos entre splits."
idv2_val_L2_C5,synthetic,val,asset_identity_disjoint,mixed_F1_F2_F3_F4,,L2,C5,42062,,datos/sinteticos_identidad_v2/imagenes/idv2_val_L2_C5_rgb.png,datos/sinteticos_identidad_v2/mascaras/idv2_val_L2_C5_mask.png,datos/sinteticos_identidad_v2/instancias/idv2_val_L2_C5_instances.png,,,datos/sinteticos_identidad_v2/metadatos/idv2_val_L2_C5_meta.json,2100,2970,77e7cc7b6f6464f78575509ea0be181c56e8def7c2d024d2c42d9c28ef719655,97c21932b22ba6a6612839575cd0aa411d73c403e11f376dc5466ea0900e2a4f,A29;A09;A24;A14;A07;A20;A27;A02,edc864d6f70dc1d7b7fc4236bfb14f3886c17375153a64a99b5662bfe7430e40;0098fb03f8853d4af49b8f4279692bcb3c18839c44158ede35bc0f46f7f5ed74;037f3c007c8237fcd6be76045d80eb49db8803a994a7665181750efd6dba01d9;16449cc1ca936edc61e62d4923e4560a194693222217a0ccc5511a08f2fb02d9;22e1bedef5d128ac67f4dbe31572df3b82819ca4ecd9ef4f6eb13fb137ed362b;c19096cc6e04bdd9bb625d2040f88ac91635f5c3ffce621d19d15f9368b2b084;8517486f4e20f2096870c1a50b9b9d26ee494eda0cea746939a3cd0f3aac8970;84340707363b83754b8c0636f0a44e8394e442fee4146d7006573e8212821c1d,generator_ground_truth_asset_identity_disjoint,"Familias semánticas compartidas; identidades, archivos y hashes de activo disjuntos entre splits."
idv2_val_L2_C6,synthetic,val,asset_identity_disjoint,mixed_F1_F2_F3_F4,,L2,C6,42063,,datos/sinteticos_identidad_v2/imagenes/idv2_val_L2_C6_rgb.png,datos/sinteticos_identidad_v2/mascaras/idv2_val_L2_C6_mask.png,datos/sinteticos_identidad_v2/instancias/idv2_val_L2_C6_instances.png,,,datos/sinteticos_identidad_v2/metadatos/idv2_val_L2_C6_meta.json,2100,2970,1f924652eeda4750a84c2b26388b7df9ff678658cf1e96f642242b7c862bd336,c3168f78f8585d588b40156ccd99d793da1f401b5e185ce0da881980991827a8,A24;A07;A29;A20;A27;A02;A09;A14,037f3c007c8237fcd6be76045d80eb49db8803a994a7665181750efd6dba01d9;22e1bedef5d128ac67f4dbe31572df3b82819ca4ecd9ef4f6eb13fb137ed362b;edc864d6f70dc1d7b7fc4236bfb14f3886c17375153a64a99b5662bfe7430e40;c19096cc6e04bdd9bb625d2040f88ac91635f5c3ffce621d19d15f9368b2b084;8517486f4e20f2096870c1a50b9b9d26ee494eda0cea746939a3cd0f3aac8970;84340707363b83754b8c0636f0a44e8394e442fee4146d7006573e8212821c1d;0098fb03f8853d4af49b8f4279692bcb3c18839c44158ede35bc0f46f7f5ed74;16449cc1ca936edc61e62d4923e4560a194693222217a0ccc5511a08f2fb02d9,generator_ground_truth_asset_identity_disjoint,"Familias semánticas compartidas; identidades, archivos y hashes de activo disjuntos entre splits."
idv2_test_L1_C1,synthetic,test,asset_identity_disjoint,mixed_F1_F2_F3_F4,,L1,C1,42064,,datos/sinteticos_identidad_v2/imagenes/idv2_test_L1_C1_rgb.png,datos/sinteticos_identidad_v2/mascaras/idv2_test_L1_C1_mask.png,datos/sinteticos_identidad_v2/instancias/idv2_test_L1_C1_instances.png,,,datos/sinteticos_identidad_v2/metadatos/idv2_test_L1_C1_meta.json,2100,2970,68757db89670cab9667d82890091c71c83f9f5b7931cff78bf4458bd026ce5f3,d3a4441dfe5ce0f4dea38fa3428e31be821e564413895727e9d6966e72a06a20,A06;A18;A03;A11;A26;A15;A28;A17,7a941697f8c43e6d6a6ed3560545e46e787860eb6a0beda4acc1a7ce554dee6e;1ebd70376b9deddc477fd379d5e240eac3aef08b26d3b33cf6b1e4e8c2432dd1;94651695138aa43cb0063d713e722cdfe7a8ebb40cbca8154eff702a1ab90e1f;e60c1232de0ae7cca32f8f34f89e224080368bdb64ed25d10c0e969a93273b60;ecb5ed129ff05642dac143b3d799e2406167e781008825561d386bbe19247828;2f33665278e59c4431298f5b24dc87ab9248edcc1605f6656ccff9ca038d61b7;b9480fb241ad6374d0da53171115a1fe98e5ccc335e49f100416d9db650cd1fd;76a18af0e6b1d644a36cbd13d4c899b4895b2de863942ac781b8b5cbee3354dd,generator_ground_truth_asset_identity_disjoint,"Familias semánticas compartidas; identidades, archivos y hashes de activo disjuntos entre splits."
idv2_test_L1_C2,synthetic,test,asset_identity_disjoint,mixed_F1_F2_F3_F4,,L1,C2,42065,,datos/sinteticos_identidad_v2/imagenes/idv2_test_L1_C2_rgb.png,datos/sinteticos_identidad_v2/mascaras/idv2_test_L1_C2_mask.png,datos/sinteticos_identidad_v2/instancias/idv2_test_L1_C2_instances.png,,,datos/sinteticos_identidad_v2/metadatos/idv2_test_L1_C2_meta.json,2100,2970,834881504f30e4629a5a83477f230f140ce12a3e21a8cfc3d1484a2cbb638528,ac1a813c028aea6ab46f108ce3a8ce44e9421c83f8836b39762103acffe4dfb0,A18;A03;A15;A11;A17;A28;A06;A26,1ebd70376b9deddc477fd379d5e240eac3aef08b26d3b33cf6b1e4e8c2432dd1;94651695138aa43cb0063d713e722cdfe7a8ebb40cbca8154eff702a1ab90e1f;2f33665278e59c4431298f5b24dc87ab9248edcc1605f6656ccff9ca038d61b7;e60c1232de0ae7cca32f8f34f89e224080368bdb64ed25d10c0e969a93273b60;76a18af0e6b1d644a36cbd13d4c899b4895b2de863942ac781b8b5cbee3354dd;b9480fb241ad6374d0da53171115a1fe98e5ccc335e49f100416d9db650cd1fd;7a941697f8c43e6d6a6ed3560545e46e787860eb6a0beda4acc1a7ce554dee6e;ecb5ed129ff05642dac143b3d799e2406167e781008825561d386bbe19247828,generator_ground_truth_asset_identity_disjoint,"Familias semánticas compartidas; identidades, archivos y hashes de activo disjuntos entre splits."
idv2_test_L1_C3,synthetic,test,asset_identity_disjoint,mixed_F1_F2_F3_F4,,L1,C3,42066,,datos/sinteticos_identidad_v2/imagenes/idv2_test_L1_C3_rgb.png,datos/sinteticos_identidad_v2/mascaras/idv2_test_L1_C3_mask.png,datos/sinteticos_identidad_v2/instancias/idv2_test_L1_C3_instances.png,,,datos/sinteticos_identidad_v2/metadatos/idv2_test_L1_C3_meta.json,2100,2970,2c90666719cca2a6f6b3a207b2a581a0214d55b28948c6a3b0d171b3cf0918f5,0efd47b91eafd9bf126268fcfe2dba7c9f45d082526a0d63cfc5a8222cdc1f43,A06;A03;A17;A28;A26;A15;A11;A18,7a941697f8c43e6d6a6ed3560545e46e787860eb6a0beda4acc1a7ce554dee6e;94651695138aa43cb0063d713e722cdfe7a8ebb40cbca8154eff702a1ab90e1f;76a18af0e6b1d644a36cbd13d4c899b4895b2de863942ac781b8b5cbee3354dd;b9480fb241ad6374d0da53171115a1fe98e5ccc335e49f100416d9db650cd1fd;ecb5ed129ff05642dac143b3d799e2406167e781008825561d386bbe19247828;2f33665278e59c4431298f5b24dc87ab9248edcc1605f6656ccff9ca038d61b7;e60c1232de0ae7cca32f8f34f89e224080368bdb64ed25d10c0e969a93273b60;1ebd70376b9deddc477fd379d5e240eac3aef08b26d3b33cf6b1e4e8c2432dd1,generator_ground_truth_asset_identity_disjoint,"Familias semánticas compartidas; identidades, archivos y hashes de activo disjuntos entre splits."
idv2_test_L1_C4,synthetic,test,asset_identity_disjoint,mixed_F1_F2_F3_F4,,L1,C4,42067,,datos/sinteticos_identidad_v2/imagenes/idv2_test_L1_C4_rgb.png,datos/sinteticos_identidad_v2/mascaras/idv2_test_L1_C4_mask.png,datos/sinteticos_identidad_v2/instancias/idv2_test_L1_C4_instances.png,,,datos/sinteticos_identidad_v2/metadatos/idv2_test_L1_C4_meta.json,2100,2970,d5bedd1ff3107dc146e4df8d11084dc9fa758c13904316afd9e9dedb636c16fc,e6a07ac4c6c19993c4b76f74ede322962ec26ad2411781aa04d680757fe12e94,A28;A26;A03;A06;A17;A11;A18;A15,b9480fb241ad6374d0da53171115a1fe98e5ccc335e49f100416d9db650cd1fd;ecb5ed129ff05642dac143b3d799e2406167e781008825561d386bbe19247828;94651695138aa43cb0063d713e722cdfe7a8ebb40cbca8154eff702a1ab90e1f;7a941697f8c43e6d6a6ed3560545e46e787860eb6a0beda4acc1a7ce554dee6e;76a18af0e6b1d644a36cbd13d4c899b4895b2de863942ac781b8b5cbee3354dd;e60c1232de0ae7cca32f8f34f89e224080368bdb64ed25d10c0e969a93273b60;1ebd70376b9deddc477fd379d5e240eac3aef08b26d3b33cf6b1e4e8c2432dd1;2f33665278e59c4431298f5b24dc87ab9248edcc1605f6656ccff9ca038d61b7,generator_ground_truth_asset_identity_disjoint,"Familias semánticas compartidas; identidades, archivos y hashes de activo disjuntos entre splits."
idv2_test_L1_C5,synthetic,test,asset_identity_disjoint,mixed_F1_F2_F3_F4,,L1,C5,42068,,datos/sinteticos_identidad_v2/imagenes/idv2_test_L1_C5_rgb.png,datos/sinteticos_identidad_v2/mascaras/idv2_test_L1_C5_mask.png,datos/sinteticos_identidad_v2/instancias/idv2_test_L1_C5_instances.png,,,datos/sinteticos_identidad_v2/metadatos/idv2_test_L1_C5_meta.json,2100,2970,4ffeee2e0a33bff791209c6c13b8f1d0981de3c2b3c7f45018a756661f5d87aa,53e67a50f92d535d48ad70b41a638805b55203d8c13b85764a3dea08179fa761,A06;A28;A15;A26;A18;A11;A03;A17,7a941697f8c43e6d6a6ed3560545e46e787860eb6a0beda4acc1a7ce554dee6e;b9480fb241ad6374d0da53171115a1fe98e5ccc335e49f100416d9db650cd1fd;2f33665278e59c4431298f5b24dc87ab9248edcc1605f6656ccff9ca038d61b7;ecb5ed129ff05642dac143b3d799e2406167e781008825561d386bbe19247828;1ebd70376b9deddc477fd379d5e240eac3aef08b26d3b33cf6b1e4e8c2432dd1;e60c1232de0ae7cca32f8f34f89e224080368bdb64ed25d10c0e969a93273b60;94651695138aa43cb0063d713e722cdfe7a8ebb40cbca8154eff702a1ab90e1f;76a18af0e6b1d644a36cbd13d4c899b4895b2de863942ac781b8b5cbee3354dd,generator_ground_truth_asset_identity_disjoint,"Familias semánticas compartidas; identidades, archivos y hashes de activo disjuntos entre splits."
idv2_test_L1_C6,synthetic,test,asset_identity_disjoint,mixed_F1_F2_F3_F4,,L1,C6,42069,,datos/sinteticos_identidad_v2/imagenes/idv2_test_L1_C6_rgb.png,datos/sinteticos_identidad_v2/mascaras/idv2_test_L1_C6_mask.png,datos/sinteticos_identidad_v2/instancias/idv2_test_L1_C6_instances.png,,,datos/sinteticos_identidad_v2/metadatos/idv2_test_L1_C6_meta.json,2100,2970,fb1c19d51801aa6c011ea819c8f165e5ac735f0654971ecca3650b7cd6c9e93c,a58fc683cd9c42da0d9b8d50ae8d2356c03b69a526cda3a066c071b84e20db02,A15;A17;A28;A11;A03;A18;A26;A06,2f33665278e59c4431298f5b24dc87ab9248edcc1605f6656ccff9ca038d61b7;76a18af0e6b1d644a36cbd13d4c899b4895b2de863942ac781b8b5cbee3354dd;b9480fb241ad6374d0da53171115a1fe98e5ccc335e49f100416d9db650cd1fd;e60c1232de0ae7cca32f8f34f89e224080368bdb64ed25d10c0e969a93273b60;94651695138aa43cb0063d713e722cdfe7a8ebb40cbca8154eff702a1ab90e1f;1ebd70376b9deddc477fd379d5e240eac3aef08b26d3b33cf6b1e4e8c2432dd1;ecb5ed129ff05642dac143b3d799e2406167e781008825561d386bbe19247828;7a941697f8c43e6d6a6ed3560545e46e787860eb6a0beda4acc1a7ce554dee6e,generator_ground_truth_asset_identity_disjoint,"Familias semánticas compartidas; identidades, archivos y hashes de activo disjuntos entre splits."
idv2_test_L2_C1,synthetic,test,asset_identity_disjoint,mixed_F1_F2_F3_F4,,L2,C1,42070,,datos/sinteticos_identidad_v2/imagenes/idv2_test_L2_C1_rgb.png,datos/sinteticos_identidad_v2/mascaras/idv2_test_L2_C1_mask.png,datos/sinteticos_identidad_v2/instancias/idv2_test_L2_C1_instances.png,,,datos/sinteticos_identidad_v2/metadatos/idv2_test_L2_C1_meta.json,2100,2970,a60ca023019c1393473921549c75d92e4f18f6c697311940632d4e94bfe1e087,5067c3290a4755e6ec1efa118b357747d362a9b815cb3ffd806d77cd2189f716,A15;A28;A17;A03;A18;A06;A26;A11,2f33665278e59c4431298f5b24dc87ab9248edcc1605f6656ccff9ca038d61b7;b9480fb241ad6374d0da53171115a1fe98e5ccc335e49f100416d9db650cd1fd;76a18af0e6b1d644a36cbd13d4c899b4895b2de863942ac781b8b5cbee3354dd;94651695138aa43cb0063d713e722cdfe7a8ebb40cbca8154eff702a1ab90e1f;1ebd70376b9deddc477fd379d5e240eac3aef08b26d3b33cf6b1e4e8c2432dd1;7a941697f8c43e6d6a6ed3560545e46e787860eb6a0beda4acc1a7ce554dee6e;ecb5ed129ff05642dac143b3d799e2406167e781008825561d386bbe19247828;e60c1232de0ae7cca32f8f34f89e224080368bdb64ed25d10c0e969a93273b60,generator_ground_truth_asset_identity_disjoint,"Familias semánticas compartidas; identidades, archivos y hashes de activo disjuntos entre splits."
idv2_test_L2_C2,synthetic,test,asset_identity_disjoint,mixed_F1_F2_F3_F4,,L2,C2,42071,,datos/sinteticos_identidad_v2/imagenes/idv2_test_L2_C2_rgb.png,datos/sinteticos_identidad_v2/mascaras/idv2_test_L2_C2_mask.png,datos/sinteticos_identidad_v2/instancias/idv2_test_L2_C2_instances.png,,,datos/sinteticos_identidad_v2/metadatos/idv2_test_L2_C2_meta.json,2100,2970,09c0529f7e6105cf26861b68a80d96665fe0943d9beed5036cca91bbe01b964f,e2fff0677ff348bcd0bb7609534d9a891c1a367ffe1ef5f95a3d2100304a1755,A11;A15;A26;A06;A17;A28;A18;A03,e60c1232de0ae7cca32f8f34f89e224080368bdb64ed25d10c0e969a93273b60;2f33665278e59c4431298f5b24dc87ab9248edcc1605f6656ccff9ca038d61b7;ecb5ed129ff05642dac143b3d799e2406167e781008825561d386bbe19247828;7a941697f8c43e6d6a6ed3560545e46e787860eb6a0beda4acc1a7ce554dee6e;76a18af0e6b1d644a36cbd13d4c899b4895b2de863942ac781b8b5cbee3354dd;b9480fb241ad6374d0da53171115a1fe98e5ccc335e49f100416d9db650cd1fd;1ebd70376b9deddc477fd379d5e240eac3aef08b26d3b33cf6b1e4e8c2432dd1;94651695138aa43cb0063d713e722cdfe7a8ebb40cbca8154eff702a1ab90e1f,generator_ground_truth_asset_identity_disjoint,"Familias semánticas compartidas; identidades, archivos y hashes de activo disjuntos entre splits."
idv2_test_L2_C3,synthetic,test,asset_identity_disjoint,mixed_F1_F2_F3_F4,,L2,C3,42072,,datos/sinteticos_identidad_v2/imagenes/idv2_test_L2_C3_rgb.png,datos/sinteticos_identidad_v2/mascaras/idv2_test_L2_C3_mask.png,datos/sinteticos_identidad_v2/instancias/idv2_test_L2_C3_instances.png,,,datos/sinteticos_identidad_v2/metadatos/idv2_test_L2_C3_meta.json,2100,2970,7daf604ab2d8362d300395aa0430c856dd75dbcb3d24a72eebe9bff0caec65e5,c63afa0d6d34a3b46bf31e524a417a42613a8222b30852541b537766dd76ec61,A17;A26;A15;A11;A03;A06;A18;A28,76a18af0e6b1d644a36cbd13d4c899b4895b2de863942ac781b8b5cbee3354dd;ecb5ed129ff05642dac143b3d799e2406167e781008825561d386bbe19247828;2f33665278e59c4431298f5b24dc87ab9248edcc1605f6656ccff9ca038d61b7;e60c1232de0ae7cca32f8f34f89e224080368bdb64ed25d10c0e969a93273b60;94651695138aa43cb0063d713e722cdfe7a8ebb40cbca8154eff702a1ab90e1f;7a941697f8c43e6d6a6ed3560545e46e787860eb6a0beda4acc1a7ce554dee6e;1ebd70376b9deddc477fd379d5e240eac3aef08b26d3b33cf6b1e4e8c2432dd1;b9480fb241ad6374d0da53171115a1fe98e5ccc335e49f100416d9db650cd1fd,generator_ground_truth_asset_identity_disjoint,"Familias semánticas compartidas; identidades, archivos y hashes de activo disjuntos entre splits."
idv2_test_L2_C4,synthetic,test,asset_identity_disjoint,mixed_F1_F2_F3_F4,,L2,C4,42073,,datos/sinteticos_identidad_v2/imagenes/idv2_test_L2_C4_rgb.png,datos/sinteticos_identidad_v2/mascaras/idv2_test_L2_C4_mask.png,datos/sinteticos_identidad_v2/instancias/idv2_test_L2_C4_instances.png,,,datos/sinteticos_identidad_v2/metadatos/idv2_test_L2_C4_meta.json,2100,2970,d9e8de85dc3c6222823b3d7bd60e47db9a4f17852b88e63b7460397e3eaed949,518fa72bcbf7e4bc94ae101df75ace3524e300232e0f0ebe1ca482a015e35f44,A11;A03;A06;A26;A17;A18;A28;A15,e60c1232de0ae7cca32f8f34f89e224080368bdb64ed25d10c0e969a93273b60;94651695138aa43cb0063d713e722cdfe7a8ebb40cbca8154eff702a1ab90e1f;7a941697f8c43e6d6a6ed3560545e46e787860eb6a0beda4acc1a7ce554dee6e;ecb5ed129ff05642dac143b3d799e2406167e781008825561d386bbe19247828;76a18af0e6b1d644a36cbd13d4c899b4895b2de863942ac781b8b5cbee3354dd;1ebd70376b9deddc477fd379d5e240eac3aef08b26d3b33cf6b1e4e8c2432dd1;b9480fb241ad6374d0da53171115a1fe98e5ccc335e49f100416d9db650cd1fd;2f33665278e59c4431298f5b24dc87ab9248edcc1605f6656ccff9ca038d61b7,generator_ground_truth_asset_identity_disjoint,"Familias semánticas compartidas; identidades, archivos y hashes de activo disjuntos entre splits."
idv2_test_L2_C5,synthetic,test,asset_identity_disjoint,mixed_F1_F2_F3_F4,,L2,C5,42074,,datos/sinteticos_identidad_v2/imagenes/idv2_test_L2_C5_rgb.png,datos/sinteticos_identidad_v2/mascaras/idv2_test_L2_C5_mask.png,datos/sinteticos_identidad_v2/instancias/idv2_test_L2_C5_instances.png,,,datos/sinteticos_identidad_v2/metadatos/idv2_test_L2_C5_meta.json,2100,2970,d98385c6c1b1a3c080907d37dd5acfa4a6fa1d83bde86d72662942e91a373f55,be104524f705137942811a061c40df2dc0a090688fda57211be96d606f6479d0,A26;A28;A15;A11;A18;A06;A03;A17,ecb5ed129ff05642dac143b3d799e2406167e781008825561d386bbe19247828;b9480fb241ad6374d0da53171115a1fe98e5ccc335e49f100416d9db650cd1fd;2f33665278e59c4431298f5b24dc87ab9248edcc1605f6656ccff9ca038d61b7;e60c1232de0ae7cca32f8f34f89e224080368bdb64ed25d10c0e969a93273b60;1ebd70376b9deddc477fd379d5e240eac3aef08b26d3b33cf6b1e4e8c2432dd1;7a941697f8c43e6d6a6ed3560545e46e787860eb6a0beda4acc1a7ce554dee6e;94651695138aa43cb0063d713e722cdfe7a8ebb40cbca8154eff702a1ab90e1f;76a18af0e6b1d644a36cbd13d4c899b4895b2de863942ac781b8b5cbee3354dd,generator_ground_truth_asset_identity_disjoint,"Familias semánticas compartidas; identidades, archivos y hashes de activo disjuntos entre splits."
idv2_test_L2_C6,synthetic,test,asset_identity_disjoint,mixed_F1_F2_F3_F4,,L2,C6,42075,,datos/sinteticos_identidad_v2/imagenes/idv2_test_L2_C6_rgb.png,datos/sinteticos_identidad_v2/mascaras/idv2_test_L2_C6_mask.png,datos/sinteticos_identidad_v2/instancias/idv2_test_L2_C6_instances.png,,,datos/sinteticos_identidad_v2/metadatos/idv2_test_L2_C6_meta.json,2100,2970,f270a8a1f599e559f35404c72831a36071b550c7d104d96e8c9747eb0d249b23,3f325634c98928b8b2dacb4bfb4964bc4ad549383b0dda4b63b531718346e7ec,A26;A06;A28;A15;A18;A17;A11;A03,ecb5ed129ff05642dac143b3d799e2406167e781008825561d386bbe19247828;7a941697f8c43e6d6a6ed3560545e46e787860eb6a0beda4acc1a7ce554dee6e;b9480fb241ad6374d0da53171115a1fe98e5ccc335e49f100416d9db650cd1fd;2f33665278e59c4431298f5b24dc87ab9248edcc1605f6656ccff9ca038d61b7;1ebd70376b9deddc477fd379d5e240eac3aef08b26d3b33cf6b1e4e8c2432dd1;76a18af0e6b1d644a36cbd13d4c899b4895b2de863942ac781b8b5cbee3354dd;e60c1232de0ae7cca32f8f34f89e224080368bdb64ed25d10c0e969a93273b60;94651695138aa43cb0063d713e722cdfe7a8ebb40cbca8154eff702a1ab90e1f,generator_ground_truth_asset_identity_disjoint,"Familias semánticas compartidas; identidades, archivos y hashes de activo disjuntos entre splits."
