dataset_version,split,sample_id,prompt_scenario,prompt_source,box_margin_fraction,prompt_count,wcs_status,dice,iou,boundary_f1,expected_components,predicted_components,component_error,foreground_fraction,mean_predicted_score,prompt_localization_seconds,encoder_seconds,decoder_seconds,postprocess_seconds,sam_total_seconds,full_hybrid_seconds
real_repeated_capture,real,real_13,operational,classical_prompt_localizer,0.05,8,WCS_NOT_FOUND,0.9792688933989967,0.9593798866970223,0.8126353733080591,8,8,0,0.2864652877986211,0.9615890681743622,0.1570847999973921,0.9712157000030857,0.6344271999987541,0.1151635999995051,1.7208572000090498,1.877942000006442
real_repeated_capture,real,real_13,ideal,assisted_reference_oracle_diagnostic,0.05,8,WCS_NOT_FOUND,0.9792745824618624,0.9593908073963227,0.8128397338950294,8,8,0,0.28646817380150713,0.9616542160511017,0.0,1.0214889999915613,0.6998170999868307,0.10758619999978691,1.8289442999957828,1.8289442999957828
real_repeated_capture,real,real_15,operational,classical_prompt_localizer,0.05,8,WCS_NOT_FOUND,0.9799316724220922,0.960652973854097,0.7791543713632023,8,8,0,0.28621340388007055,0.9698471948504448,0.16510560001188423,1.0167069000017364,0.6562612999987323,0.11545850000402424,1.7884788999945158,1.9535845000064
real_repeated_capture,real,real_15,ideal,assisted_reference_oracle_diagnostic,0.05,8,WCS_NOT_FOUND,0.9799570792190675,0.9607018089678269,0.7796415408633303,8,8,0,0.2862289562289562,0.9698904007673264,0.0,0.9969104999909177,0.6616557999950601,0.112306199996965,1.7709177999931853,1.7709177999931853
real_repeated_capture,real,real_17,operational,classical_prompt_localizer,0.05,8,WCS_NOT_FOUND,0.9763569152354769,0.9538059991486936,0.6955168079147337,8,8,0,0.28707519640852974,0.9624214172363281,0.20022590000007767,1.0236540000041714,0.7172176000021864,0.11964479999733157,1.8605729000119027,2.0607988000119803
real_repeated_capture,real,real_17,ideal,assisted_reference_oracle_diagnostic,0.05,8,WCS_NOT_FOUND,0.9764150324983341,0.9539169326426677,0.6962555027147984,8,8,0,0.28708433541766876,0.9625063389539719,0.0,1.0768552999943495,0.7108858999999939,0.11953269998775795,1.9073281000019051,1.9073281000019051
real_repeated_capture,real,real_20,operational,classical_prompt_localizer,0.05,8,SUCCESS,0.9785064531459331,0.9579174104031074,0.7754928168137497,8,8,0,0.28650729517396184,0.9635886922478676,0.22781669998948928,1.0219571000052383,0.7893471000134014,0.1027174000046216,1.9140706000034697,2.141887299992959
real_repeated_capture,real,real_20,ideal,assisted_reference_oracle_diagnostic,0.05,8,SUCCESS,0.9785425748965969,0.957986648143987,0.776388258308182,8,8,0,0.2865100208433542,0.9634358584880829,0.0,1.0681063000083668,0.8005045000027167,0.12073959999543149,1.989400200007367,1.989400200007367
real_repeated_capture,real,real_22,operational,classical_prompt_localizer,0.05,8,SUCCESS,0.979226234083377,0.9592980019466529,0.8132368334949953,8,8,0,0.28679124579124576,0.9739984646439552,0.22441079998679925,1.5016695999947842,0.7431077999935951,0.10915109999768902,2.353970500000287,2.578381299987086
real_repeated_capture,real,real_22,ideal,assisted_reference_oracle_diagnostic,0.05,8,SUCCESS,0.9792307672986936,0.9593067031490676,0.8135304504722751,8,8,0,0.2868085618085618,0.9739756807684898,0.0,0.9857718000130262,0.6535338999965461,0.10088600000017323,1.7402515000139829,1.7402515000139829
real_repeated_capture,real,real_24,operational,classical_prompt_localizer,0.05,8,SUCCESS,0.9785575898154417,0.9580154300021987,0.7909209289721288,8,8,0,0.2862914862914863,0.9564228802919388,0.1575437999999849,1.0370618000015384,0.8198543000034988,0.12900099999387749,1.9859817999968072,2.143525599996792
real_repeated_capture,real,real_24,ideal,assisted_reference_oracle_diagnostic,0.05,8,SUCCESS,0.978574399389061,0.9580476530094335,0.7917020831089834,8,8,0,0.286300304633638,0.956377699971199,0.0,1.126808400003938,0.9643395000020973,0.11180899999453686,2.2030130000057397,2.2030130000057397
real_repeated_capture,real,real_26,operational,classical_prompt_localizer,0.05,8,SUCCESS,0.9780746742036983,0.957090160615763,0.755612430566183,8,8,0,0.2858100048100048,0.9628129303455353,0.16861079999944195,1.0328609999996843,0.66707039999892,0.11816779999935534,1.818150199993397,1.986760999992839
real_repeated_capture,real,real_26,ideal,assisted_reference_oracle_diagnostic,0.05,8,SUCCESS,0.978109021840656,0.9571559420188354,0.756237055116386,8,8,0,0.28580166746833413,0.9629054069519043,0.0,1.004224600008456,0.6927720999956364,0.12904400000115857,1.8260965000081342,1.8260965000081342
real_repeated_capture,real,real_28,operational,classical_prompt_localizer,0.05,8,SUCCESS,0.9812650962865952,0.9632192758977551,0.8482548259884349,8,8,0,0.28866971300304634,0.9723404347896576,0.17291890000342391,1.0735554999992019,0.6821335999993607,0.10049150000850204,1.8562444000126561,2.02916330001608
real_repeated_capture,real,real_28,ideal,assisted_reference_oracle_diagnostic,0.05,8,SUCCESS,0.9813088791725524,0.9633036541787751,0.8493360207067158,8,8,0,0.28867308000641334,0.9723058342933655,0.0,0.994920799988904,0.6550625999952899,0.11022279999451712,1.7602564999979222,1.7602564999979222
real_repeated_capture,real,real_30,operational,classical_prompt_localizer,0.05,8,SUCCESS,0.9745070926459658,0.9502816505678021,0.7233114860807973,8,8,0,0.2854498957832291,0.9581926465034485,0.16830750000372063,0.9947463999997126,0.6527131000038935,0.12067129999923054,1.7681919000024209,1.9364994000061415
real_repeated_capture,real,real_30,ideal,assisted_reference_oracle_diagnostic,0.05,8,SUCCESS,0.9746117924468929,0.9504807889029829,0.7242205838728876,8,8,0,0.2855021645021645,0.9582388699054718,0.0,2.1494382999953814,1.8615231000003405,0.22999940000590868,4.241018599990639,4.241018599990639
real_repeated_capture,real,real_32,operational,classical_prompt_localizer,0.05,8,SUCCESS,0.9777854373403864,0.9565363995562429,0.7406526750610222,8,8,0,0.28631088664422,0.9589994922280312,0.25679940001282375,4.761435100008384,0.6597100000071805,0.11218640000151936,5.533379200001946,5.7901786000147695
real_repeated_capture,real,real_32,ideal,assisted_reference_oracle_diagnostic,0.05,8,SUCCESS,0.9777949712025652,0.9565546477039784,0.7415617944530047,8,8,0,0.286319063652397,0.959186777472496,0.0,1.056180100000347,0.6466906999994535,0.10535689999233,1.808288000000175,1.808288000000175
real_repeated_capture,real,real_34,operational,classical_prompt_localizer,0.05,8,SUCCESS,0.9707320818286663,0.9431286691159421,0.5912174781519678,8,8,0,0.288683341350008,0.958456240594387,0.17887139999947976,1.0936120000114897,0.7307151999993948,0.10134470000048168,1.9257266000058735,2.1045980000053532
real_repeated_capture,real,real_34,ideal,assisted_reference_oracle_diagnostic,0.05,8,SUCCESS,0.9708618110714825,0.9433736125197053,0.5925425844797164,8,8,0,0.28865784832451497,0.9586208537220955,0.0,1.0656579000060447,0.6632743999944068,0.11025130000780337,1.8392432999971788,1.8392432999971788
real_repeated_capture,real,real_36,operational,classical_prompt_localizer,0.05,8,SUCCESS,0.969329445027394,0.94048427050791,0.517983858585975,8,8,0,0.2894184704184704,0.9730941504240036,0.17009149999648798,1.0480567000049632,0.68022939999355,0.13822419999632984,1.8665538000059314,2.0366453000024194
real_repeated_capture,real,real_36,ideal,assisted_reference_oracle_diagnostic,0.05,8,SUCCESS,0.9694364305209974,0.9406857172441018,0.516762391450565,8,8,0,0.2892720859387526,0.9731760174036026,0.0,0.9940286000055494,0.6877803999959724,0.13461320000351407,1.8164745999965817,1.8164745999965817
real_repeated_capture,real,real_38,operational,classical_prompt_localizer,0.05,8,SUCCESS,0.9677486262346094,0.9375125583069059,0.5160327311530495,8,8,0,0.2889652076318743,0.9719668105244637,0.16273189999628812,0.9989394000003813,0.709800800002995,0.11073470000701491,1.819532400011667,1.9822643000079552
real_repeated_capture,real,real_38,ideal,assisted_reference_oracle_diagnostic,0.05,8,SUCCESS,0.9677170917217616,0.9374533705453215,0.5163630570495981,8,8,0,0.2889631232964566,0.9719063714146614,0.0,0.9910890000028303,0.7675496000010753,0.11086519999662414,1.869566900000791,1.869566900000791
